1,"„Ich wusste nicht, ob Ihr kommen würdet“, sagte Richard und griff nach ihrer Hand."
0,"Er hatte sein Kettenhemd abgelegt und trug nun eine blaue, mit Pelz gesäumte Seidentunika."
0,"Um seine Schultern lag ein dunkler Mantel, und selbst im Mondlicht konnte Berengaria das kühle Grau seiner Augen und den rötlichen Schimmer seines Haars erkennen."
0,"„Welche Wahl hatte ich?“, fragte sie anklagend."
0,„Ihr habt mir beim Turnier meinen Ring gestohlen – während Ihr mir die Hand küsstet.“
0,Sie hielt mit warnendem Blick die Hand auf.
0,„Ich will ihn zurück.“
0,"„Ich brauchte einen Vorwand, um Euch wiederzusehen.“"
0,Sein träges Lächeln ließ ihren Puls schneller schlagen.
0,"Er öffnete seine Hand und zum Vorschein kam der goldene, mit einem Smaragd geschmückte Ring."
0,„Sucht Ihr den hier?“
0,"Als sie danach greifen wollte, schloss er rasch seine Finger darüber."
0,"„Kommt näher, dann sollt Ihr ihn haben.“"
0,"„Treibt keine Spiele mit mir, Euer Gnaden."
0,Daran liegt mir nichts.“
0,"„Wenn das wahr wäre, wäret Ihr nicht hier."
0,"Dann hättet Ihr einen Diener geschickt, den Ring zu holen.“"
0,"„Und Ihr hättet Euch geweigert, ihn herauszugeben.“"
0,Er trat näher und drückte ihr den Ring in die Hand.
0,„Haltet Ihr mich für solch einen Schuft?“
0,"„Ich weiß nicht, wer Ihr seid.“"
0,"Obwohl sie Handschuhe trug, konnte sie die Wärme seiner Haut spüren."
0,"Etwas an diesem Mann faszinierte sie – er durchbrach, ganz der Krieger, ihre Verteidigungslinien."
0,"Bleib nicht hier, mahnte Berengaria sich, geh fort, jetzt."
0,"Ihr Vater, König Sancho, würde rasen vor Wut, wenn er wüsste, dass sie zusammen mit dem Herzog von Aquitanien, dem Sohn König Heinrichs II."
0,"von England, hier im Garten stand."
0,"„Ich möchte Euch kennenlernen“, sagte Richard bedächtig."
0,"„Keine Frau hat je gewagt, so mit mir zu sprechen wie Ihr jetzt.“"
0,"„Nein“, flüsterte sie."
0,"„Ihr seid weder mein Verlobter, noch werdet Ihr es je sein.“"
0,„Ihr habt recht.“
0,"Er ließ seine Hand zu ihrer Wange gleiten und hielt sie sacht fest, als sie versuchte, sich zurückzuziehen."
0,"„Berengaria, Ihr erinnert mich an Eva."
0,Ihr verführt mich mit Eurer scharfen Zunge.
0,"Mit Euren blitzenden, dunklen Augen.“"
0,"Leicht erschauerte sie, und wieder erinnerte ihre Vernunft sie daran, dass sie besser gehen sollte."
0,"Aber seine Stimme hielt sie gefangen, während sein Daumen über ihren Wangenknochen strich."
0,„Ich bewundere Euer Temperament.“
0,"Richard hob ihr Gesicht an, sodass sie ihn ansehen musste, dann neigte er sich vor, bis seine Stirn an der ihren lehnte."
0,"„Ihr sollt wissen, dass dies Eure letzte Chance ist, unberührt zu gehen."
0,"Wenn Ihr bleibt, werde ich einen Kuss einfordern.“"
0,"Er ließ sie los und wartete reglos, wie sie sich entscheiden würde."
0,"Ihr Verstand schrie ihr zu, zu fliehen, während ihre Füße wie angewurzelt am Fleck stehenblieben."
0,"Richard war nicht frei, um ihr den Hof zu machen."
0,Er war bereits mit einer anderen Frau verlobt.
0,"Doch sie wollte den verbotenen Kuss eines Mannes schmecken, der sie begehrte."
0,"Nicht ihr Königreich, nicht ihren Reichtum, denn er konnte beides nicht haben."
0,"Richard wusste, was es hieß, in einer Welt voller Regeln gefangen zu sein, in einer Welt ohne Freiheit."
0,"Seine Lippen berührten die ihren, und augenblicklich vergaß sie all die Gründe, weshalb das hier niemals hätte passieren dürfen."
0,Mit beiden Händen ergriff er sie bei den Hüften und zog sie näher zu sich heran.
0,"„Schließe die Augen“, flüsterte er."
0,„Du bist keine Prinzessin mehr.
0,Und ich kein Herzog.“
0,"Sie gehorchte, und jäh schienen alle Barrieren zwischen ihnen zu fallen."
0,"„Wenn du meine Verlobte wärst“, murmelte er an ihrem Mund, „würde ich mich von meinen Pflichten wegschleichen, um mir Momente wie diesen zu stehlen."
0,"Und du würdest mir nie unaufrichtige Komplimente machen, nicht wahr?“"
0,"„Eure Arroganz ist auch so schon groß genug, Euer Gnaden.“"
0,"„Richard“, korrigierte er sie."
0,Dieses Mal eroberte er ihre Lippen wie ein unbarmherziger Eindringling.
0,Es war nichts Zartes oder Förmliches an diesem Kuss.
0,"Sie öffnete den Mund, schockiert von den wilden Gefühlen, die sie ergriffen."
0,"Er umfing ihr Gesicht mit den Händen und bemächtigte sich ihres Mundes, als wolle er all ihre Schutzmauern einreißen und die Frau dahinter finden."
0,"Obwohl sie insgeheim wusste, dass er eine unersättliche Gier danach hatte, zu siegen, zu erobern, kümmerte es sie kaum."
0,"Bei seinem Ansturm erbebte ihr Körper heftig, berauscht von ihrem dringlichen Verlangen."
0,"Sie kam kaum zu Atem, als er ihren Mund in Besitz nahm."
0,"Und als sie den Kuss erwiderte, wurde er weicher, leidenschaftlicher."
0,Warm und feucht fuhr seine Zunge in ihren Mund.
0,"Noch dichter zog er sie an sich, und sie konnte seine harte Erregung fühlen."
0,"Das Wissen, dass er ihren Körper besitzen wollte, ließ sie erzittern."
0,"Sie klammerte sich an ihn, voller Angst vor den Gefühlen, die wild und ungezähmt in ihr tobten."
0,"„Unschuldig“, murmelte er an ihrer Haut."
0,"„Ich wusste es, sobald ich dich das erste Mal sah.“"
0,"Als er begann, ihre Wange zu küssen, stockte ihr der Atem."
0,"„Ich muss jetzt gehen“, flüsterte sie endlich."
0,„Das solltest du.“
0,"Aber er entließ sie nicht aus seiner Umarmung, sodass sie sich fragte, was er vorhatte."
0,"Zart streichelte er ihren Rücken, und als er sie erneut küsste, spürte sie, dass es ein Lebewohl war."
0,"Jetzt jedoch besaß sie eine Erinnerung, die nur ihr gehörte."
0,"Eine, die ihr Vater nicht zerreden, ihr niemals nehmen konnte."
0,"Und als sie ihn selbst noch ein letztes Mal küsste, dachte Berengaria bei sich: Ich bin froh, dass es Richard ist."
0,1.
0,KAPITEL 1.
1,"KAPITEL Vor der Küste Zyperns, 12. April 1191 Liam MacEgan hasste Schiffe."
0,"Obwohl er viele Jahre seines Lebens damit zugebracht hatte, die Gewässer seiner Heimat Irland zu erkunden, war es für ihn die reinste Hölle, für vier Monate an Bord dieses hölzernen Kahns gefangen zu sein."
0,"Es war deine eigene Idee, am Kreuzzug teilzunehmen, rief er sich ins Gedächtnis."
0,"Er hatte sich auf dieses Abenteuer eingelassen, um das Heilige Land zu sehen und für die Befreiung Jerusalems zu kämpfen."
0,Seine Familie war strikt dagegen gewesen.
0,"Sein Vater, König Patrick of Laochre, hatte darauf bestanden, dass er sich seinen Verpflichtungen als zukünftiger Herrscher eines kleinen Königtums stellte."
0,Doch er hatte diese Flucht aus seiner Heimat gebraucht.
0,"Er war mit den Geschichten über ferne Länder groß geworden, die sein Onkel Trahern ihm erzählt hatte, und sehnte sich nach den prächtigen fernen Städten, nach dem Geschmack fremder Speisen."
0,"Vielleicht war dies die letzte Gelegenheit, verbotene Welten zu sehen … den stechenden Sand der Wüste auf seinem Gesicht zu spüren … die Geheimnisse exotischer Frauen zu ergründen."
0,"Und so hatte er sich, den Wünschen seiner Familie zum Trotz, eines Nachts davongestohlen und war die Überfahrt nach Frankreich angetreten, um sich den Truppen König Richards, genannt Löwenherz, anzuschließen."
1,"Vom bittersüßen Gefühl des Heimwehs erfüllt, starrte Liam auf das wilde, blaue Mittelmeer."
0,In der Ferne fegten dunkle Wolken über den grauen Himmel.
0,"Schemenhaft nahm er die Bewegung einer Frau wahr, die hinter den Ruderern an der Reling entlang ging."
0,"Ihr dunkles Haar war von einem Schleier bedeckt, doch die langen Strähnen bewegten sich in der Meeresbrise."
0,"Adriana, Tochter des Vicomte de Manzano, gehörte zum Gefolge der Prinzessin Berengaria."
0,"Sie war eine dunkle Schönheit, mit olivfarbener Haut und rabenschwarzem Haar."
0,"Er sah, wie ihre Hände sich um das Holz der Reling schlossen; dann drehte sie sich um und schaute aufs Meer hinaus."
0,"Gern wäre er zu ihr gegangen, um mit ihr zu sprechen, doch er spürte, dass er ihr damit etwas von der kostbaren Zeit stehlen würde, die ihr für sich selbst blieb."
0,"Sie hob den Blick zum dunkler werdenden Himmel, als habe sie Angst."
0,"Ein unbestimmbares Gefühl brachte ihn dazu, über seine Schulter zu sehen."
0,"Hinter ihm stand der Count of Berduria, der die junge Frau nicht aus den Augen ließ."
0,"Die unbeherrschte Begierde, die sich auf dessen Zügen abzeichnete, veranlasste Liam, schließlich doch an Lady Adriana heranzutreten."
0,"Unwillkürlich wich sie vor ihm zurück, doch er sagte leise: „Keine Angst, ich bin hier, um Euch meinen Schutz anzubieten, nicht, um Euch zu stören.“"
0,"Als sie ihn ratlos ansah, fügte er hinzu: „Der Count beobachtet Euch.“"
0,"Daraufhin wandte Lady Adriana den Blick wieder auf die See, sodass Liam sich unsicher fragte, ob er nun bleiben sollte oder nicht."
0,"„Wäre Euch lieber, ich ließe Euch alleine?“"
0,"„Bleibt“, flüsterte sie."
0,"„Es sei denn, Ihr hättet die gleichen Absichten wie er.“"
0,Sie erschauerte im Wind und rieb sich fröstelnd die Oberarme.
0,Liam nahm seinen Umhang ab und legte ihn ihr um die Schultern.
0,"Zum einen sollte es sie wärmen, zum anderen ein unmissverständliches Zeichen für den Count darstellen."
0,"„Ihr seid einer von König Richards Männern, nicht wahr?“, fragte sie, während sie den Umhang enger um sich zog."
0,"„Ich habe mich entschieden, an seiner Seite zu kämpfen, ja."
0,Aber ich bin keiner seiner Vasallen.“
0,Bewusst offenbarte er nichts über seinen wahren Rang und Stand.
0,"Auf dieser Reise wusste nur König Richard selbst, dass er ein irischer Prinz war."
0,"Er wollte das Leben als gewöhnlicher Mann erleben, als Soldat."
0,"Es hatte bedeutet, das luxuriöse Leben, an das er sich gewöhnt hatte, hinter sich zu lassen."
0,"Im Gegenzug lernte er aber jene Seiten des Lebens kennen, vor denen seine Familie ihn immer bewahrt hatte."
0,"„Spricht König Richard von der Prinzessin?“, fragte Adriana."
0,"„Meine Lady Berengaria ist bekümmert, weil er seit ihrer Verlobung so distanziert ist.“"
0,Liam zuckte mit den Schultern.
0,„Die Gedanken seiner Majestät sind ganz von der Reise zum Heiligen Land eingenommen.
0,"Er ist versessen darauf, endlich für Jerusalem zu kämpfen.“"
0,„Was ist mit Prinzessin Alys?
0,Er hat die Verlobung mit ihr erst vor wenigen Monaten gelöst.
0,"Wünscht er vielleicht, sich zu versöhnen …?“"
0,"„In Anbetracht der Tatsache, dass sein Vater Alys zur Mätresse genommen hat und sie ihm inzwischen eine Tochter gebar, drängt es König Richard nicht gerade, sie zur Frau zu nehmen.“"
0,Liam warf ihr einen Seitenblick zu.
0,„Prinzessin Berengaria hat Euch nichts davon gesagt?“
0,Adriana schüttelte den Kopf.
0,„Sie wusste nichts davon.
0,"Königin Eleanor hat nie erzählt, weshalb die Verlobung gelöst wurde, allerdings wurde auf ihre Veranlassung hin Lady Berengaria hergebracht, damit sie des Königs Braut werde.“"
0,"„Was ist mit Euch?“, fragte Liam."
0,"„Werdet ihr die Königin begleiten, wo immer sie hinmöchte?"
0,Selbst ins Heilige Land?“
0,Sie nickte.
0,"„Sie hat keine Wahl, genau wie ich.“"
0,Die junge Frau verschränkte fest ihre Hände ineinander.
0,"„Ihr könntet heiraten oder zu Eurer Familie zurückkehren“, schlug er vor."
0,„Jerusalem ist gefährlich für eine Frau.“
0,„Nicht für mich.“
0,"Er starrte sie an, aber sie lächelte nur zuversichtlich."
0,„Ich habe vier Brüder.
0,Ich weiß mich zu wehren.“
0,„Wie?“
0,"Er rückte näher, bis sein Knie ihr seidenes Kleid streifte."
0,Plötzlich spürte er eine Messerspitze an der Kehle.
0,„So zum Beispiel.“
0,Adrianas dunkelbraune Augen funkelten belustigt.
0,"„Nun würdet Ihr mir vermutlich nichts antun, nicht wahr?“"
0,Sie nahm das Messer fort und reichte es ihm zurück.
0,"Beim Sohn des Belenus, es war seine eigene Klinge!"
0,"Ohne dass er es bemerkt hatte, hatte sie sie ihm aus dem Gürtel gezogen."
0,„Wie habt Ihr das gemacht?“
0,Ein gewitztes Lächeln spielte um ihren Mund.
0,"„Ihr solltet wissen, dass man Fremde nicht unterschätzen darf."
0,Ich bin eine der Leibwachen der Prinzessin.
0,"Wie Ihr den König schützt, beschütze ich sie.“"
0,"Frauen überraschten ihn nur selten, aber Adriana faszinierte ihn."
0,"Ihre vollen Lippen zogen seinen Blick an, und ihr Duft erinnerte ihn an aromatische Gewürze, wie an schweren, mit Kräutern versetzten Wein."
0,"„Männer lassen sich von einer Frau leicht ablenken“, sagte sie."
0,„Wie Ihr gerade.“
0,"„Ihr seid wahrhaftig eine Ablenkung“, stimmte er zu."
0,Wieder sah er den Argwohn in ihren Augen.
0,"Sie wollte nichts von ihm, soviel stand fest."
0,"„Was, wenn Euch ein Feind überwältigt?“, fragte er, während er etwas zurücktrat."
0,„Eure Kraft wäre der eines Angreifers möglicherweise nicht gewachsen.“
0,„Ich verlasse mich ganz auf mich selbst.
0,"Und ich verteidige die Prinzessin, wann immer meine Klinge gebraucht wird.“"
0,Sie straffte die Schultern und nahm den Umhang ab.
0,„Nehmt den zurück.
0,Ihr werdet frieren.“
0,„In meiner Heimat ist es viel kälter.
0,Ich bin daran gewöhnt.“
0,Er nickte in Richtung der Kabinen.
0,„Soll ich Euch zurück zur Prinzessin begleiten?“
0,„Noch nicht.“
0,Lady Adriana atmete tief durch.
0,"„Sie hat mir für die nächste Stunde gestattet zu tun, was ich möchte."
0,Ich werde noch früh genug wieder unter Deck sein.“
0,Sie legte den Umhang wieder um.
1,"Der Wind zerrte an den Segeln, und der Himmel hatte sich mittlerweile bedrohlich schwarz gefärbt."
0,Wenige Minuten später begann es zu regnen.
0,"Der Wetterumschwung reichte aus, um den Count von seinem Posten zu vertreiben."
0,Die Lady hob ihr Gesicht den Tropfen entgegen und lächelte schief.
0,"„Ist es nicht ein übler Zufall, dass es genau dann anfängt zu regnen, wenn ich einen Moment der Freiheit habe?“"
0,"Liam beachtete den Regen nicht, sondern betrachtete die Wellen."
0,"Der graue Himmel spiegelte sich im Meer, und je weiter sie gen Osten gelangten, desto höher schlugen die Wogen."
0,"„Ihr solltet unter Deck gehen, a chara."
0,Das Unwetter wird noch schlimmer werden.“
0,"Schon mussten die Ruderer schwer gegen den Wind ankämpfen, um das Schiff noch beherrschen zu können."
0,"Wie um seine Warnung zu bestätigen, schwankte das Schiff, und Adriana wurde von den Füßen gerissen."
0,"Ehe sie mit dem Kopf auf das Deck schlagen konnte, fing Liam sie auf und half ihr wieder auf die Füße."
0,„Seid Ihr unverletzt?“
0,"Sie bejahte, dennoch hielt er sie weiterhin stützend um die Taille gefasst."
0,„Ihr solltet zurück zu der Prinzessin gehen.
0,"Nicht, dass Ihr noch über Bord geschleudert werdet.“"
0,Sie erbleichte und schaute hinaus auf die Wogen.
0,„Wie weit sind wir vom Land entfernt?“
0,„Denkt nicht darüber nach.“
0,"Aye, wenn das Schiff kenterte, war es gut möglich, dass sie ertranken."
0,"Zwar war Liam ein guter Schwimmer, doch jetzt im Frühjahr war das Wasser erbärmlich kalt."
0,Adriana reichte ihm seinen Umhang zurück.
0,„Geleitet mich zur Prinzessin.“
0,Liam legte sich den warmen Stoff wieder um die Schultern und ging hinter ihr her zu der kleinen Kammer der Prinzessin.
0,"„Bleibt bei Eurer Herrin“, sagte er."
0,"„Und sagt Ihr, sie braucht keine Angst zu haben.“"
0,"Ihm war klar, dass die Worte nicht sehr überzeugend klangen."
0,"Selbst er musste sich anstrengen, auf den Beinen zu bleiben, und als das Schiff erneut heftig schwankte, wurde Adriana hart gegen die Wand geschleudert."
0,Mit schmerzerfülltem Gesicht rieb sie sich die Schulter.
0,"„Es ist schon gut“, sagte sie, als er gerade nachfragen wollte."
0,„Aber versprecht mir etwas.“
0,Haltsuchend stütze er sich mit einer Hand an der Wand ab.
0,Nur wenige Zoll trennten ihn von Adriana.
0,"Er wartete ab, was sie zu sagen hatte, konnte den Blick aber nicht von ihren Lippen und ihrer weichen Haut abwenden, oder von ihrem dunklen Haar, das in glänzenden Locken über ihre Schultern und die karmesinrote Seide ihres Gewands fiel."
0,"„Sollte das Schiff Gefahr laufen zu sinken, will ich es wissen."
0,"Wir mögen Richards Goldschatz für den Kreuzzug verlieren, aber ich will nicht, dass er seine Braut verliert.“"
0,"Genau wie Liam wusste sie, dass dieses Schiff eines von zweien war, das des Königs Gold und Schätze geladen hatte, mit denen der Kreuzzug finanziert werden sollte."
0,"„Wenn der Sturm das Schiff erfasst, werde ich alles tun, um den Seeleuten zu helfen“, sagte er."
0,Adriana nickte knapp.
0,„Wie ist Euer Name?“
0,„Liam MacEgan.“
0,Sie musterte ihn mit zweifelndem Blick.
0,„Ihr seid nicht wie die anderen Männer auf diesem Schiff.“
0,„Nein?“
0,"„Ihr verhaltet Euch nicht, als dientet Ihr dem König."
0,"Ihr benehmt Euch, als wäret Ihr ihm gleichgestellt.“"
0,"„Vielleicht bin ich das ja“, sagte er leise."
0,"Obwohl ihr Blick sagte, dass sie ihm nicht so recht glaubte, so lag doch auch Unschlüssigkeit darin."
0,"Offenbar merkte sie, dass er nicht war, was er vorgab zu sein."
0,"„Ich werde Euch Bescheid geben, wenn der Sturm schlimmer wird“, versprach er, nahm dann ihre behandschuhte Hand und drückte einen Kuss darauf."
0,„Beschützt Eure Prinzessin.
0,Und ich beschütze Euch.“
0,Doch die Sorge in ihren Augen verblasste nicht.
0,"Sollte der Sturm stärker werden – wie er befürchtete –, würden sie vermutlich alle sterben."
1,Die ganze Nacht klammerte Prinzessin Berengaria sich an ihr Bett und betete.
0,"Sie hatte kein Auge zugetan und die ganze Zeit das goldene, mit großen Rubinen geschmückte Kreuz an ihrer Halskette umfasst, das Richard ihr zum Geschenk gemacht hatte."
0,"Auch sie hatte ihm ein Zeichen ihrer Gunst geschickt, doch wusste sie nicht, ob er es ebenso werthielt."
0,"Mit den Fingern fuhr sie über die Konturen des Kreuzes, als sei darin die Wärme seiner Hände gespeichert."
0,"Noch immer konnte sie kaum glauben, dass er um ihre Hand angehalten hatte."
0,Innerhalb weniger Monate hatte sich ihr ganzes Leben verändert.
0,"Königin Eleanor hatte sie nach Sizilien begleitet und dort in die Obhut der Schwester des Königs, Königin Johanna von Sizilien, übergeben."
0,"Die Monate auf Reisen waren zermürbend gewesen, aber am meisten fürchtete Berengaria sich davor, Richard wiederzusehen."
0,"Die Worte, die sie ihm einst gesagt hatte, verfolgten sie: Ihr seid weder mein Verlobter, noch werdet Ihr es je sein."
0,Wie sehr sie sich geirrt hatte.
0,Ihr Vater hatte Richards Werbung um ihre Hand auf der Stelle angenommen.
0,"Berengaria konnte nicht anders, als sich zu fragen, ob Königin Eleanor dies eingefädelt hatte … oder ob es Richards Wunsch gewesen war."
0,"Immerzu musste sie an den Kuss denken, den er sich damals im Garten gestohlen hatte."
0,"Er hatte Gefühle in ihr geweckt, verstörende Gedanken, die ihr das Blut schneller durch die Adern jagten."
0,"In Sizilien hatte er sie erwartet, als ihr Schiff in den Hafen lief."
1,Später dann hatte er sie zu einem Mahl unter vier Augen gebeten.
0,"„Endlich einmal kann ich einen königlichen Bund schließen, der mich erfreut“, hatte er gesagt."
0,"So gern Berengaria ihm glauben wollte, konnte sie nicht alle Zweifel vertreiben."
0,"Der Tisch war so gedeckt worden, dass sie an Richards linker Seite sitzen musste, und immer wieder berührte er ihre Hand während des Mahls."
0,"„Warum ich, Mylord?"
0,"Es gäbe Dutzende Prinzessinen, mit denen Ihr einen vorteilhafteren Bund eingehen könntet."
0,"Viele, die reicher sind als ich.“"
0,"„Es ist wahr, dass mit Eurer Mitgift der Kreuzzug unterstützt wird."
0,Das möchte ich nicht verheimlichen.“
0,Zart küsste er ihre Fingerknöchel.
0,"„Aber ich dachte stets an Euch, lange, nachdem sich unsere Wege trennten."
0,Ich wollte Euch damals genauso wie heute.“
0,"Sie wurde von höchster Aufregung ergriffen, als Richard sie von ihrem Stuhl hochzog."
0,"Er selbst blieb sitzen, legte ihr die Hände sacht auf die Hüften und zog sie zu sich hinunter auf seine Knie."
0,"Er war größer als die meisten Männer, und so saß sie nun mit ihm auf Augenhöhe."
0,"„Habe ich einen Fehler gemacht, als ich um Eure Hand bat?“"
0,Sein stählerner Blick hielt den ihren gefangen.
0,Sie schüttelte den Kopf.
0,„Vermutlich wird die Ehe mit Euch nicht anders sein als mit einem anderen König.“
0,"„Sie wird anders sein, ma chère."
0,Und das wisst Ihr auch.“
0,Er hob eine Hand und liebkoste ihre Wange.
0,"„Ich bevorzuge eine Frau, die sagt, was sie denkt."
0,"Eine, die mich begehrt, so, wie ich sie begehre.“"
0,Er ließ seine Finger an ihrem Kinn ruhen.
0,"„Also seid ehrlich zu mir, Berengaria."
0,"Ist es Euer Wille, mich zu heiraten?“"
0,Sie legte ihre Hand über die seine.
0,"„Mir wurde niemals gestattet, meinen Gemahl selbst zu wählen.“"
0,"Ihr Herz schlug schneller, als sie ihm in die Augen sah."
0,"„Aber auch, wenn Ihr mich einschüchtert, ich wollte nie einen anderen Mann als Euch.“"
0,Er lächelte.
0,"„Wäre jetzt nicht die Fastenzeit, würde ich mich noch heute mit Euch vermählen.“"
0,"Als er ihr einen leichten Kuss auf die Lippen hauchte, erschauerte sie unter der Glut, die sie am ganzen Körper spürte."
0,„Aber wir werden bis nach Ostern warten müssen.
0,"Wir werden uns vermählen, noch bevor ich Euch nach Akkon bringe.“"
0,"Sie freute sich nicht darauf, ins Heilige Land zu reisen."
0,"Zwar verstand sie, wieviel die Kreuzzüge ihm bedeuteten, doch würde sie als seine Königin das Ziel etlicher Attentäter sein."
0,"„Ich war noch nie so weit fort von Navarra“, gestand sie."
0,"„Und ich kann nicht sagen, dass ich gerne so nah am Krieg leben möchte.“"
0,Seine Miene wurde härter.
0,"„Zweifelt Ihr an meiner Fähigkeit, Euch zu beschützen?“"
0,„Nein.
0,"Aber wenn Ihr in der Schlacht seid …“ „Ich beschütze, was mir gehört!“, versicherte er ihr, nahm sie bei der Hand und führte sie fort von ihren Damen und der Dienerschaft."
0,"Ein großer orientalischer Wandschirm, bemalt mir Blumen und Vögeln, stand in einer Ecke; dahinter führte er sie, um für einen Moment unbeobachtet zu sein."
0,"„Berengaria“, flüsterte er, ihr Gesicht mit den Händen umfassend."
0,"„Du hast mich vom ersten Moment, als ich dich erblickte, verzaubert.“"
0,"Ihr Atem stockte, als er ihr über die Wange streichelte."
0,"Und als sie seine Hände mit den ihren berührte, beugte er sich vor, um sie zu küssen."
0,"Wie schon der letzte, war auch dieser Kuss forschend, und entfachte ein Feuer in ihr, das sie nicht verstand."
0,"Richard drängte sie gegen die Wand, sodass ihr Rücken gegen das Holz stieß, ließ von ihren Lippen ab und begann, ihren Hals zu küssen."
0,"„Du brauchst keine Angst zu haben“, murmelte er an ihrer Haut."
0,„Nicht vor den Sarazenen.
0,Und nicht vor mir.“
0,Ihr gelang ein zaghaftes Lächeln.
0,„Ich habe aber immer noch Angst.
0,"Wann immer ich in Eurer Nähe bin, kann ich kaum atmen.“"
0,Er presste ihre Hüften an seine.
0,"„Das ist keine Angst, ma chère."
0,Das ist Begehren.“
0,Wieder küsste er sie auf den Hals.
0,„Ich will dich gar nicht erst zu Atem kommen lassen.
0,Ich will jeden Teil von dir besitzen.
0,"Und wäre es nicht eine Sünde, würde ich dich noch heute Nacht ganz besitzen wollen."
0,"Wir werden im Heiligen Land heiraten“, schwor er und fügte lächelnd hinzu: „Du wirst nicht mit dem gleichen Schiff wie ich reisen, Berengaria."
0,Andernfalls könnte ich meine Hände nicht von dir lassen.“
0,"Noch einen letzten Kuss stahl er ihr, dann gab er sie frei."
0,Er holte die Kette mit dem rotgoldenen Kreuz daran heraus und legte sie ihr um.
0,"„Nimm dieses Zeichen meiner Liebe und denk an mich nachts, wenn du schläfst.“"
1,Berengaria klammerte sich förmlich an die Kette um ihren Hals und fuhr mit den Fingern unablässig über das unebene Gold.
0,"Das Schiff hob und senkte sich so ungestüm im Wasser, dass sie fürchtete, quer durch die Kammer geschleudert zu werden."
0,"„Werden wir sterben?“, flüsterte sie ihrer Hofdame zu."
0,Adriana kam zu ihr und nahm sie bei der Hand.
0,"„Ein Mann des Königs versprach mir, Bescheid zu sagen, wenn wir in Gefahr sind."
0,Es ist nur ein schlimmer Sturm.“
0,"Obwohl Berengaria ihr glauben wollte, sagte ihre innere Stimme etwas anderes."
0,"Johanna, die Schwester des Königs, fasste ihren Rosenkranz fester und sank laut betend auf die Knie."
0,Ein Klopfen an der Tür ließ sie herumfahren.
0,Adriana eilte hin und öffnete.
0,"Draußen stand ein hochgewachsener Mann mit dunkelblondem Haar und grauen Augen; um seine Schultern lag ein schwarzer Umhang, der mit einer Spange, so groß wie ihre Handfläche, zusammengehalten wurde."
0,"„Lord MacEgan“, grüßte Adriana den Mann."
0,"Berengaria sah den Blick, den die beiden wechselten, und verspürte noch mehr Angst."
0,"„Werden wir untergehen?“, unterbrach sie."
0,"„Wir sind nahe der Insel Zypern“, erklärte MacEgan."
0,"„Der Kapitän steuert das Schiff auf die Küste zu, so dass wir, falls das Schlimmste passiert …“ „ … an Land schwimmen können“, beendete Berengaria den Satz."
0,"Sie wandte sich ab, damit die beiden die Tränen in ihren Augen nicht sahen."
0,Sie konnte nicht schwimmen!
0,"Wenn das Schiff unterging, würde sie sterben."
0,"Mit einer Hand umklammerte sie ihre Halskette und kämpfte gegen die Panik an, die in ihr aufstieg."
0,"Dann ertönte ein entsetzliches Krachen, und das Schiff neigte sich gefährlich zur Seite."
1,Kaum eine Stunde später begann Wasser in die Kabine einzudringen.
0,"Adrianas Füße waren schon durchnässt, als sie sich aufmachte, MacEgan zu suchen."
0,Berengaria ließ sie bei der Schwester des Königs zurück.
0,"Er hatte sein Wort gehalten und ihnen Nachricht gegeben, daher glaubte sie, dass er ihr auch weiterhin die Wahrheit sagen würde."
0,"Sie fand ihn, wie er sich kraftvoll in die Riemen legte und die Ruderer unterstützte."
0,Gemeinsam mit ihnen kämpfte er gegen die Macht des Meeres.
0,"Auf der anderen Seite des Decks arbeitete ein Dutzend Männer daran, mit Eimern das Wasser aus dem Schiff zu schöpfen."
0,"Adriana schlang sich ein Seil mehrfach um den Arm, ehe sie sich zu MacEgan vorwagte."
0,"Kaum hatte er sie entdeckt, rief er einem der Männer zu, er möge seinen Platz am Ruder einnehmen."
0,"Er kämpfte sich zu ihr durch und packte ebenfalls ein Seil, um nicht zu stürzen."
0,"„Ich sagte Euch doch, Ihr sollt bei der Prinzessin bleiben!“, schrie er über das Heulen des Sturms hinweg."
0,"So stark wurde das Tau hin und her geschleudert, dass Adriana sich fast den Arm verrenkte."
0,"Eilig packte MacEgan sie, zog sie zu sich heran und löste das Seil."
0,Verärgert funkelte er sie an.
0,„Ihr hättet über Bord gerissen werden können!“
0,"„Wir werden sowieso sterben, oder?“"
0,"Ihre Hände zitterten, ihre Kleider waren von Regen und Meerwasser durchtränkt, ihre Füße eiskalt."
0,Liam hielt sie in den Armen und wärmte sie.
0,"„Nicht, wenn ich es verhindern kann.“"
0,Er nickte aufs Meer hinaus.
0,„Wir sind nur wenige Meilen von der Küste entfernt.“
0,„Und wir sinken.“
0,Sie krallte sich in sein Hemd.
0,„Wir werden nicht nah genug an die Küste herankommen.“
0,"Er hielt ihre Taille umfasst, und Adriana versuchte nicht, ihn fortzustoßen."
0,"„Hört mir zu!“, verlangte er streng, und sie spürte, wie allein der Tonfall ihr die Furcht nahm."
0,"„Wenn es zum Schlimmsten kommt, schwimmt mit aller Kraft zum Ufer."
0,Ich werde Euch finden.“
0,"Ihre Hände zitterten, aber sie spürte seine Arme um sich, so beruhigend, als könne er sie vor ihrer eigenen Angst schützen."
0,"„Ich werde nicht zulassen, dass Euch etwas zustößt“, murmelte er."
0,Trotz des eisigen Wassers und des Regens lag in seiner Umarmung eine tröstliche Wärme.
0,"Ohne zu wissen, weshalb, wollte sie ihm vertrauen, wollte glauben, dass er ein Mann war, auf den sie bauen konnte … anders als ihre Brüder und ihr Vater, die sie verraten hatten."
0,"„Jetzt kehrt zurück zu Eurer Prinzessin und zur Königin“, beharrte er."
0,„Wir werden so nah wie möglich an die Küste heranrudern.“
0,"Sie klammerte sich an seine Arme, als könnte sie so ein wenig von seinem Mut mit sich nehmen."
0,"Dann, völlig unerwartet, neigte er sich zu ihr hinab und küsste sie auf die Lippen."
0,„Viel Glück.“
0,Damit wandte er sich ab und ging zurück zu den anderen.
0,Das Schiff sank.
0,"Das wusste Liam mit absoluter Gewissheit, aber er wollte verdammt sein, wenn er zuließ, dass die See ihn verschluckte."
0,"Abermals erbebte das Schiff, und bald würde es auseinanderbrechen."
0,"Sie konnten das Wasser nicht schnell genug ausschöpfen, also war es nur eine Frage der Zeit, bis sie das Schiff aufgeben mussten."
0,"Er fluchte, als eine weitere Welle das Deck überspülte."
1,"Wenig später erschienen die Frauen, ihre Kleider schon bis zur Taille durchnässt."
0,"Adriana führte sie an, hielt die Prinzessin bei der Hand, und Königin Johanna folgte, immer noch den Rosenkranz in der Hand."
0,Liam deutete auf die Küste.
0,"„Wir versuchen, das Schiff zu halten, solange es nur geht, aber wenn die See es sich holt, versucht, ans Ufer zu schwimmen.“"
0,"Das Gesicht der Prinzessin war bleich, sie krampfte die Hände ineinander."
0,„Ich kann nicht schwimmen.“
0,Er nickte und schaute fragend zu den anderen.
0,„Was ist mit Euch?“
0,"„Ich kann es“, sagte Adriana."
0,Auch die Königin nickte.
0,"„Versucht, zusammen zu bleiben“, drängte Liam."
0,Dann wandte er sich an die Prinzessin.
0,"„Wenn das Schiff auseinanderbricht, seht zu, dass Ihr Euch an ein größeres, umhertreibendes Holzstück klammert; es wird Euch über Wasser halten.“"
0,"Das Schiff neigte sich weiter zur Seite, da der Rumpf sich mit Wasser füllte."
0,"Liam hörte Schreie und sah, wie Adriana auf eine der Dienerinnen zustürzte, die vom Wasser nach unten gezogen wurde."
0,"Sie mühte sich, die Hand des Mädchens festzuhalten, doch die See wollte sich ihre Beute holen."
0,"„Adriana, nein!“, schrie Berengaria, dann verschwanden auch diese beiden Frauen unter der Wasseroberfläche."
0,2.
0,KAPITEL 2.
0,"KAPITEL Liam setzte alles daran, die beiden noch zu packen, doch zu spät."
0,"Seine Lungen brannten, während er nach den Frauen tauchte."
0,"In der Dunkelheit konnte er kaum etwas sehen, und so tastete er unter Wasser nach ihnen, fand jedoch nur Holz."
0,"Er tauchte tiefer, und plötzlich bekam er einen Fetzen Seide zu fassen."
0,"Er zog mit aller Kraft gegen den Sog, der Adriana in die Tiefe zerren wollte."
0,"Als es ihm schließlich gelang, ihren Kopf über Wasser zu bekommen, hustete sie, dass es sie durchschüttelte."
0,"Noch immer hielt sie die Hand der Dienerin, doch deren Körper war leblos, und sie rührte sich auch nicht, als Liam ihren Kopf ebenfalls über Wasser hob."
0,"Erfolglos mühte er sich, sie wiederzubeleben."
0,Verzweifelt brach Adriana in Tränen aus.
0,"„Du hast getan, was du konntest“, keuchte er und hielt sie fest an sich gepresst."
0,„Ihr Leben war in Gottes Hand.“
0,"„Ich dachte, ich könnte sie retten“, wisperte Adriana, am ganzen Körper zitternd."
0,„Ehe sie unter Wasser gezogen wurde …“ Er hielt sie fest und ließ sie weinen.
0,Bei ihrer Umarmung überkam ihn eine seltsame Ruhe.
0,In ihrem Mut erkannte er ein Stück seiner selbst.
0,"Furchtlos war sie der jungen Frau nachgesprungen, ungeachtet der Tatsache, dass sie dabei beinahe selbst ihr Leben verloren hätte."
0,"Liam half Adriana, an die Seite des Schiffs zu gelangen, wo Berengaria sich mit angsterfülltem Blick an eines der Taue klammerte."
0,"„Wenn der Rumpf sich vollständig mit Wasser füllt, könnte das Schiff auseinanderbrechen“, erklärte Liam ihr."
0,"„Sollte das passieren, lasst das Tau los, sonst zieht es Euch mit in die Tiefe."
0,"Versucht, Euch an eine Planke oder ein anderes Stück Holz zu halten; was immer Ihr finden könnt.“"
0,Die Prinzessin war bleich vor Angst.
0,"Adriana stellte sich an ihre eine, Königin Johanna an ihre andere Seite."
0,"„MacEgan“, hörte er Adriana leise sagen."
0,"Er schaute tief in ihre dunklen Augen, und ihre Schultern strafften sich."
0,„Ihr habt mir das Leben gerettet.“
0,"„Ich habe mein Versprechen gehalten“, antwortete er."
0,"„Ich werde nicht erlauben, dass Euch etwas geschieht.“"
0,Dennoch hatte die See ein Menschenleben gefordert.
0,"Er konnte nur beten, dass es das Einzige bleiben würde."
0,"Voller Entsetzen sah Berengaria zu, wie das Schiff binnen weniger Minuten auseinanderbrach."
0,Das Holz unter ihren Füßen zerbarst einfach.
0,"Verzweifelt klammerte sie sich an die Reling, doch ohne Warnung wurde sie jäh in das eiskalte Wasser gerissen."
0,"Ihr Kopf tauchte unter, und sie schmeckte das Salz auf ihrer Zunge."
0,"Sie strampelte, kämpfte gegen die Panik an."
0,"Dann umfasste ein Arm ihre Taille, und sie wurde wieder an die Oberfläche gezogen, wo sie nach Luft schnappte."
0,"MacEgan hielt sie, während er mit der anderen Hand vom Wrack weg und auf eine abgebrochene Planke zuschwamm."
0,"„Haltet Euch daran fest!“, befahl er."
0,Mit aller Kraft packte sie zu.
0,Dann tauchte Adriana an ihrer Seite auf.
0,Johanna hatte sich auf eine andere Planke gerettet und trieb ein Stück von ihnen entfernt auf dem Wasser.
0,"Sie hatte schon bald jegliches Zeitgefühl verloren, doch Adriana wich ihr nie von der Seite."
0,"Ihre tapfere Hofdame bemühte sich, mit der Strömung zu schwimmen und sie näher ans Ufer zu bringen."
0,"Ab und zu half Liam, der neben ihnen schwamm, sie wieder in die richtige Richtung zu lenken."
0,"Auch, wenn er für ihre aller Sicherheit sorgte, entging Berengaria nicht, wie aufmerksam er Adriana beobachtete."
0,"Es lag eine Intensität in seinem Blick, als bedeutete die junge Frau ihm mehr."
0,Das Herz stockte ihr für einen Moment.
0,Richard hatte sie bei ihrer ersten Begegnung ebenso angesehen.
0,"Manchmal reichte schon der kleinste Funke aus, um das Feuer der Liebe zu entzünden."
0,Werde ich ihn wiedersehen?
0,fragte sie sich nun.
0,"Schwer ließ sie den Kopf auf das Holz sinken, völlig erschöpft vom Kampf gegen den Sturm."
1,"Am Horizont wurde der Himmel heller, und das graue Meer erglänzte im sanften Rosa der Morgendämmerung."
0,Nach scheinbar endlosen Stunden spürte sie plötzlich Sand unter ihren Füßen.
0,"Ein unerwartetes Lachen brach aus ihr heraus, und sie strahlte ihre Hofdame an."
0,"„Adriana, wir werden leben!“"
0,"Von Liam geleitet, erreichten sie seichtere Gewässer, obwohl ihre nassen Kleider sie immer wieder zurück ins Wasser zu ziehen drohten."
0,"Der Sturm hatte sich gelegt, und hier und da brach das helle Blau des Himmels durch die Wolken."
0,"Die Wogen hatten sich geglättet, trotzdem fiel es Berengaria immer noch schwer, im hüfthohen Wasser die Balance zu halten."
0,Vor ihr erreichte der Count of Berduria als erster den sandigen Strand.
0,Im nächsten Augenblick tauchten Reiter mit glänzenden Rüstungen am Gestade auf.
0,Liam schob sich näher an die Frauen.
0,"„Vertraut ihnen nicht“, warnte er."
0,„Wir wissen nichts über die Zyprioten.“
0,"Berengarias Lächeln schwand, und nun bereitete ihr nicht nur das kalte Wasser Unbehagen."
0,Wenige Yards vor ihnen ging Königin Johanna schon an Land.
0,"„Sagt ihnen nicht, wer Ihr seid“, mahnte Liam, doch die hohe Frau schien ihn nicht gehört zu haben."
0,"Er machte Anstalten, zu ihr zu gehen, doch Adriana hielt ihn am Arm zurück."
0,"„Seid vorsichtig, MacEgan.“"
0,"Forschend betrachtete er sie, dann legte er eine Hand auf ihre."
0,„Wartet hier.“
0,"Während er hinter der Königin hereilte, warf Berengaria ihrer Hofdame einen Blick zu."
0,"„Er bedeutet dir etwas, nicht wahr?“"
0,"Adriana antwortete nicht, hielt aber ihren Blick unverwandt auf MacEgan gerichtet."
0,"„Ich habe ihn erst gestern kennengelernt, und doch kommt es mir vor, als kenne ich ihn schon sehr lange.“"
0,"„Er sieht gut aus“, gab Berengaria zu, „aber nicht so gut wie Richard.“"
0,"Ihre Stimme klang schwermütiger, als sie beabsichtigt hatte."
0,"Insgeheim fürchtete sie, den König nie wieder zu sehen."
0,"Sie würde vielleicht als Jungfrau sterben, noch ehe sie seine Frau wurde."
0,"„Wäre er nicht gewesen, wäre ich ertrunken“, flüsterte Adriana."
0,"Berengaria nahm sie bei der Hand, und gemeinsam strebten sie dem Ufer entgegen."
0,"Währenddessen bemühte MacEgan sich, Königin Johanna einzuholen, doch sie beachtete ihn nicht, sondern schritt einfach weiter voran."
0,Inzwischen hatte der Count die fremden Reiter erreicht und sprach mit ihnen.
0,"Obwohl die Männer nicht von ihren Rössern abstiegen, spannte Adriana sich unwillkürlich an."
0,"„Da stimmt etwas nicht“, sagte sie ahnungsvoll."
0,"Langsam ließ sie ihre Hand zu ihrem Bein wandern, wo sie, wie Berengaria wusste, ein Messer versteckte."
0,„MacEgan hatte recht.
0,"Bleibt dicht bei mir, Mylady.“"
0,"Berengaria verstand nicht, warum Adriana so beunruhigt war."
0,"Auf ihre Nachfrage erklärte die Hofdame: „Wenn Ihr das Wrack eines Schiffes sähet, würdet Ihr nicht versuchen, den Überlebenden zu helfen?"
0,Diese Männer da beobachten aber nur.“
0,"Als Berengaria zurück aufs Meer schaute, entdeckte sie noch drei weitere Schiffe, die wohl ebenfalls vom Kurs abgekommen waren und nun weniger als eine Meile vor der Küste ankerten."
0,"„Sollten wir besser versuchen, diese Schiffe zu erreichen?“"
0,„Noch nicht.“
0,"Gemeinsam beobachteten sie, wie der Count mit den Fremden sprach."
0,"Obwohl Berengaria ihn nicht verstand, da er offensichtlich Griechisch sprach, erkannte sie doch den arroganten Tonfall."
0,"Königin Johanna, die inzwischen ebenfalls den Strand erreicht hatte, wollte sich ihm offensichtlich anschließen."
0,"Hoch aufgerichtet, in stolzer Haltung, schritt sie ihm entgegen."
0,"Der Count deutete erst auf Johanna, dann hinüber zu ihnen beiden."
0,"„Sagt es ihnen nicht“, flüsterte Adriana, als könnte der Mann ihr Flehen hören."
0,Doch zu spät.
0,"Von Grauen erfüllt sah Berengaria, wie einer der Männer sein Schwert zog und es dem Count in die Brust stieß."
0,"Der Edelmann sank in die Knie und fiel zur Seite, während sein Blut den Sand rot färbte."
0,"Ihr Heiligen, steht uns bei!"
0,Entsetzt schlug Berengaria sich eine Hand vor den Mund.
0,Die Königin raffte ihre Röcke und floh Richtung Wasser.
0,Liam kam ihr entgegen und führte sie zu Adriana und Berengaria.
0,Berengaria konnte nicht aufhören zu zittern.
0,"Sie sah das Funkeln im Blick des Soldaten und fragte sich angstvoll, ob sie als Gefangene enden oder – sterben würden."
0,"„Der Count hat ihnen gesagt, wer Ihr seid“, erklärte MacEgan grimmig."
0,"„Wir können nur hoffen, dass sie Euch als Geisel nehmen wollen.“"
0,"Aber Berengaria wusste, dass sein Leben in größerer Gefahr war als ihr eigenes."
0,"Diese Fremden hatten bereits den Count getötet, es war offensichtlich, dass sie für die Männer keine Verwendung hatten."
0,"„Ihr müsst, so schnell Ihr könnt, zu einem der Schiffe dort drüben schwimmen“, ordnete sie an."
0,"„Wenn Euch das gelingt, könnt Ihr zurücksegeln und Richard benachrichtigen.“"
0,„Ich kann Euch hier nicht alleine lassen.“
0,"Ihnen blieb keine Zeit, die Reiter kamen immer näher."
0,"„Ihr müsst!“, befahl Berengaria."
0,"„Wenn das, was Ihr sagt, wahr ist, dann werden sie uns nicht töten, sondern uns benutzen, um Richard zu erpressen."
0,"Fort mit Euch, sonst erleidet Ihr das gleiche Schicksal wie der Count!“"
0,"Seine Miene verhärtete sich, doch anscheinend sah er ein, dass sie recht hatte."
0,"„Geht, MacEgan."
0,Ich befehle es Euch als Eure zukünftige Königin.“
0,"Ein undeutbarer Ausdruck trat auf sein Gesicht, und sie erinnerte sich, dass er Ire war, kein Engländer."
0,"„Bitte“, korrigierte sie sich."
0,„Geht zu Richard.“
0,"Noch ehe er sich rühren konnte, trieben die Reiter ihre Pferde an und umzingelten sie mit gezückten Schwertern und erhobenen Speeren."
0,Vor Schreck stockte Berengaria der Atem.
0,Was sollten sie nur tun?
0,"Die Soldaten konzentrierten sich auf MacEgan, der aber macht keine Anstalten zu kämpfen."
0,"Auf Normannisch befahl er den Frauen: „Tut, was sie sagen.“"
0,Sein Blick traf Adrianas.
0,Ein Versprechen lag darin.
0,„Ich werde zurückkehren.
0,Das schwöre ich.“
0,"Plötzlich bewegte er sich so schnell, dass Berengaria kaum Zeit blieb, sich zur Seite zu retten."
0,Binnen Sekunden hatte MacEgan einen Soldaten vom Pferd gezerrt und ihn mit einer Faust bewusstlos geschlagen.
0,"Einem zweiten riss er den Speer aus der Hand, als dieser ihn damit angriff."
0,"Derart bewaffnet, schwang er sich auf das reiterlose Tier, trieb es an und ritt in rasendem Tempo den Strand entlang."
0,Die meisten der Angreifer folgten ihm; nur drei blieben bei den Frauen zurück.
0,Einer von ihnen ergriff Königin Johanna.
0,"Gespannt hielt Berengaria den Atem an, bis MacEgan ins tiefere Wasser gelangte."
0,"Geschickt stellte er sich auf den Rücken des Pferdes, sprang kopfüber ins Wasser und verschwand außer Sicht."
0,"Adriana klammerte sich an Berengaria, heiße Tränen stiegen ihr in die Augen."
0,"„Keine Angst“, flüsterte Berengaria."
0,„Ich vertraue ihm.
0,"Er wird einen Weg finden, uns Rettung zu schicken.“"
0,"Als sie ihn jedoch nicht wieder auftauchen sahen, befürchteten sie das Schlimmste."
1,"Insel Rhodos, 22. April 1191 „Wo sind sie, Sir Bernard?“, verlangte König Richard zu wissen."
0,Der Ritter erblasste.
0,"„Wir … wir wissen es nicht, Eure Majestät."
0,"Es werden fünfundzwanzig Schiffe vermisst, unter ihnen unglücklicherweise auch das der Prinzessin Berengaria.“"
0,Bedauernd senkte er sein Haupt.
0,"„Wir glauben, der Sturm könnte sie vom Kurs abgebracht haben.“"
0,"„Wir hatten zweihundertneunzehn Schiffe, Bernard.“"
0,Richard bemühte sich krampfhaft um Beherrschung.
0,"„Und Ihr wollt mir sagen, dass man nicht auf einem davon gesehen hat, wohin Berengarias Schiff verschwand?“"
0,"„Es tut mir leid, Eure Majestät."
0,"Aber wir werden weitere Schiffe losschicken, um Eure Braut …“ „Hinaus!“"
0,"Richard deutete zur Tür, und der Ritter floh augenblicklich, wie ein Feigling."
0,"Richard stand kurz davor, einen Wutanfall zu bekommen."
0,"Kreta und Rhodos waren als Treffpunkte ausgemacht, wo sie auf dem Weg nach Akkon einige Tage verbringen wollten."
0,Doch seine Braut war auf keiner der beiden Inseln.
0,"Vielleicht war sie tot, und ihr lebloser Körper ruhte irgendwo auf dem Grund des Mittelmeers."
0,Er atmete schwer aus.
0,"Vor sich sah er Berengarias dunkles Haar, ihre wunderschönen Augen, ihre reizende Gestalt."
0,"Er hatte die Hochzeit kaum erwarten können, wollte herausfinden, was für eine Frau sich hinter ihrer hemmungslosen Ehrlichkeit verbarg."
0,"Er kannte sie kaum, doch ihr feuriger Geist faszinierte ihn."
0,"Der Himmel draußen war klar, die Sonne schien warm und hell."
0,Das azurblaue Wasser umspülte den weißen Sand.
0,Ein idyllischer Ort für einen Spaziergang mit seiner Liebsten.
0,"Er drehte den Smaragdring, den er am kleinen Finger trug."
0,"Sie hatte ihn ihm auf Sizilien geschenkt, in Erinnerung an jenen Tag, als er ihr den Ring entwendet hatte."
0,Jetzt fachte der Anblick nur seine Wut an.
0,"Er würde sie finden, ganz gleich, wie lange es dauerte."
0,Sie gehörte zu ihm.
0,"Er befahl einem Diener, einen der Kapitäne herzuschicken."
0,"Wenn es niemandem gelang, das Schiff zu finden, auf dem seine Braut gereist war, würde er persönlich jede einzelne Insel auf dem Weg nach Syrien nach ihr absuchen."
0,"Als der Kapitän hereinkam, verneigte er sich tief und verkündete: „Eure Majestät, wir haben Nachricht von der Prinzessin.“"
0,"Kurz darauf trat der irische Prinz, Liam MacEgan, vor den Thron."
0,"Er sah aus, als hätte er tagelang nicht geschlafen, und sein Gesicht war blutverschmiert."
0,"„Sie sind auf Zypern, Eure Majestät.“"
0,"MacEgan kam näher und senkte die Stimme, sodass nur Richard ihn hören konnte."
0,„Soldaten haben die Frauen gefangen genommen.“
0,„Kommt.“
0,"Richard wollte nicht, dass irgendjemand hörte, was MacEgan zu berichten hatte, daher führte er ihn in sein Gemach und verlangte: „Sagt mir, was Ihr wisst.“"
0,"„Die Zyprioten haben den Count of Berduria getötet“, begann der Ire."
0,"„Daraufhin bat mich Prinzessin Berengaria, Hilfe zu holen, also schwamm ich zu einem der Schiffe, die vor der Insel ankerten."
0,Wir segelten nach Westen und trafen schließlich auf Eure Galeeren.“
0,Richard sah ihn finster an.
0,„Ihr habt die Damen ohne Schutz zurückgelassen?“
0,Furchtlos hielt MacEgan seinem Blick stand.
0,"„Eure Braut gab mir den Befehl, Hilfe zu holen."
0,Hätte ich ihr den Gehorsam verweigern sollen?“
0,"„Wenn ihr etwas zugestoßen ist, ist Euer Leben verwirkt.“"
0,Richard richtete sich drohend zu seiner vollen Größe auf.
0,"MacEgan ließ sich nicht einschüchtern, wählte seine Worte aber mit Bedacht."
0,"„Die Frauen sind so sicher, wie sie unter den Umständen sein können."
0,Die Hofdame der Prinzessin ist besser als jede andere Leibwache.
0,Ich habe es selbst gesehen.“
0,"So wenig Richard der Gedanke gefiel, zweifelte er doch nicht daran, dass Isaak Komnenos, Zyperns Herrscher, Berengaria für eigene Ziele benutzen wollte."
0,Der Mann war ein Verbündeter Saladins.
0,"Es kursierte sogar das Gerücht, sie hätten zum Zeichen ihrer Treue Blutsbrüderschaft geschlossen."
0,"Sich vorzustellen, dass seine zukünftige Gemahlin diesem selbsternannten Kaiser von Zypern in die Hände gefallen war, war unerträglich."
0,Richard musterte MacEgan durchdringend.
0,"„Sagt niemandem, dass Berengaria und die Königin als Geiseln genommen wurden“, warnte er."
0,"Wenn bekannt würde, dass sich seine Braut in der Gewalt des Feindes befand, würde man glauben, dass sie geschändet worden war, ob das nun stimmte oder nicht."
0,Er wollte ihr Ehebündnis auf keinen Fall gefährden.
0,"„Macht die Leute glauben, Berengaria und die Königin seien auf einem der anderen Schiffe."
0,"Sagt ihnen, der Kaiser habe sie zu sich eingeladen, doch sie hätten abgelehnt.“"
0,"MacEgan nickte; er verstand offensichtlich, worauf Richard hinauswollte."
0,„Niemand wird es erfahren.“
0,"„Ich werde Euch meine Männer mitgeben, um Zyperns Küste anzugreifen."
0,"Findet die Frauen, und bringt sie lebend zu mir.“"
0,"Er entließ MacEgan und nahm seinen Platz am Fenster wieder ein, den Blick aufs Meer gerichtet."
0,Wenn Isaak Komnenos seiner Braut irgendetwas angetan hatte … dann gnade ihm Gott.
0,Richard würde ihn in Fetzen reißen.
1,"Limassol, Zypern, Mai 1191 Fast drei Wochen waren vergangen, und weit und breit kein Zeichen vom König oder Liam MacEgan."
0,"Adriana hatte zusehen müssen, wie die Hoffnung aus Berengarias Augen wich, als ihnen bewusst wurde, dass sie Gefangene des Kaisers bleiben würden."
0,"Zwar hatte man sie nicht in Ketten gelegt, doch sie waren in ihrem Gemach eingeschlossen, und sowohl innen wie vor der Tür standen Wachen."
0,"Es gab keine Privatsphäre, und so sehr Adriana sich auch bemühte, die Prinzessin vor Erniedrigung zu schützen, konnte sie doch nicht viel ausrichten."
0,"Die Wachen losten sogar darum, wer den Posten im Inneren der Kammer wahrnehmen durfte, in der Hoffnung, einen Blick auf die Frauen zu erhaschen."
0,Königin Johanna beschwerte sich unablässig.
0,"Seit ihrer Gefangennahme hatte sie anmaßende Forderungen gestellt, über die der Kaiser sich nur lustig machte."
0,"Als sie nach weicheren Betten verlangte, hatte er einen Streifen Seide schicken und die einzige Matratze im Raum entfernen lassen."
0,"In dieser Nacht hatten sie sich auf dem Boden zusammengekauert, mit nichts als der Seide als Unterlage."
0,"Johanna hatte sich geweigert, ihre stolze Haltung aufzugeben, und infolge dessen hatten sie alle die letzten Wochen bei fadem Essen und unerträglichen Lebensbedingungen erdulden müssen."
0,Am meisten jedoch sorgte Adriana sich um die Prinzessin.
0,Sie war seit der Gefangennahme immer dünner und blasser geworden und starrte stundenlang reglos durch die vergitterten Fenster hinaus aufs Meer.
1,"„Es kommt keine Rettung, nicht wahr?“, flüsterte sie."
0,"„Die Kreuzritter auf den Schiffen … sie sind tot, oder?“"
0,"Wenige Stunden nach ihrer Gefangennahme hatten die verbliebenen zwei Schiffe angelegt, doch Komnenos hatte sie erobert, die Schätze geraubt und die Männer getötet."
0,"Vom Fenster aus hatten sie die Leichen der Kreuzritter gesehen, die ausgestellt wurden, blutige Kriegstrophäen."
0,"Adriana versuchte, die Prinzessin zu beruhigen."
0,"„Der Kaiser weiß, dass Richard kommen wird."
0,"Sonst würde er sich nicht die Mühe machen, die Küste zu bewachen.“"
0,"Sie deutete zu dem Hügel, von denen die Zyprioten Fuhrwerke voller Holz und Steine hinabbrachten."
0,"Innerhalb der nächsten Stunden stapelten sie große Felsblöcke, riesige Kisten, hölzerne Tore und allerlei anderes, um den Strand zu befestigen."
0,"Einer der Wächter stellte sich breit vor das Fenster, um ihnen die Aussicht zu versperren."
0,"Obwohl er ihre Sprache nicht beherrschte, war die Botschaft deutlich."
0,"Adriana zögerte, ehe sie zurückwich, wobei sie dem Mann ein kleines Lächeln schenkte."
0,"Die Ablenkung reichte aus, ihm seinen gebogenen Dolch zu entwenden und ihn hinter ihrem Rücken zu verbergen."
0,"Wenn die Zyprioten sich auf einen Kampf vorbereiteten, bedeutete das, dass eine Invasion bevorstand."
1,"Die Tür sprang auf, und eine junge Frau erschien, begleitet von zwei Ehrendamen."
0,Auf einen scharfen Befehl von ihr hin verließen die Wächter den Raum.
0,"Sobald sie weg waren, sagte die Frau in gebrochenem Französisch: „Mir wurde aufgetragen, die Prinzessin und die Königin zu meinem Vater zu bringen.“"
0,"Adriana blieb noch einen Moment an die Wand gelehnt stehen, um das Messer hinter ihrem Rücken unter ihren breiten Gürtel zu schieben."
0,Weder Berengaria noch Johanna regten sich vom Fleck.
0,"Da die Wachen draußen nur auf die beiden hohen Damen achteten, warf sich Adriana rasch den Umhang der Prinzessin um, damit der Dolch noch besser verborgen war."
0,"„Weshalb will er uns sehen?“, fragte Berengaria ruhig."
0,"Adriana wusste, dass sie hinter ihrer sanften Stimme nur ihre Angst verbarg."
0,"Sie alle wussten, dass sie nur noch am Leben waren, um als Geisel zu dienen … oder Schlimmeres."
0,Das Mädchen schüttelte den Kopf.
0,„Ich weiß es nicht.“
0,"Es rümpfte die Nase, als die Frauen näher traten, und fügte hinzu: „Ich werde ein Bad richten lassen, damit Ihr euch erfrischen könnt, ehe Ihr zu ihm geht.“"
0,Berengaria warf Adriana einen besorgten Blick zu.
0,Sie nickte ermutigend.
0,Das Angebot des Mädchens war gut gemeint.
0,"„Wenn sie uns töten wollten, würde es sie nicht kümmern, wie wir jetzt aussehen“, erklärte sie der Prinzessin."
0,"„Gerade das macht mir ja Angst“, meinte Berengaria und schloss mutlos die Augen."
0,Besorgt ging Adriana zu ihr.
0,"„Vermutlich will er Richard beweisen, dass es uns in seiner Gefangenschaft gut geht.“"
0,"Dann ergriff sie die Hand der Prinzessin, und gemeinsam folgten sie dem Mädchen eine Wendeltreppe hinab in einen ummauerten Garten."
0,"Die Wärme der Sonne und der üppige Duft nach Jasmin hoben ihre Stimmung, obgleich die Waffe, die sie versteckt hielt, sie weit mehr beruhigte."
0,"Als sie eine weitere Treppe hinaufgeführt wurden, ergriff Adriana die Prinzessin kurz am Arm und deutete aufs Meer hinaus."
0,Dort waren die Segel von nahezu hundert Schiffen zu sehen.
0,„Sie haben uns gefunden!“
0,Berengaria atmete dankbar durch.
0,"Adriana fragte sich, ob Liam MacEgan den König benachrichtigt hatte."
0,Ob er noch am Leben war.
0,"Sie dachte traurig an den kleinen Kuss, den er ihr gegeben hatte, um ihr Glück zu wünschen."
0,Der gutaussehende Ire war wie kein anderer Mann.
0,"Mutig und stark wie er war, hätte sie ihn gern besser kennengelernt."
0,"Die junge Frau führte sie in ihr eigenes Gemach, ließ ein Bad für sie herrichten und ihnen Kleider im zyprischen Stil bringen."
0,"Auch, wenn Berengaria die fremde Kleidung ablehnte, nahm Adriana sie gerne an."
0,"Der weiche, transparente Stoff war mit nichts zu vergleichen, was sie je auf ihrer Haut gespürt hatte."
0,"Man hatte ihr eine cremefarbene, lose Tunika und weiche, weite Hosen gebracht."
0,"Obwohl es seltsam war, keinen Rock zu tragen, gefiel ihr die Kleidung."
0,"„Du musst dich wie eine Konkubine fühlen“, neckte Berengaria sie."
0,"„Ich kann mir nicht vorstellen, so etwas zu tragen.“"
0,Königin Johanna versteifte sich und strich glättend über ihr eigenes seidenes Gewand.
0,"„Ich ziehe es vor, mich nicht wie eine Wilde zu kleiden.“"
0,Bei diesen Worten trübte sich Berengarias Stimmung.
0,"Ein paar Falten an dem Gewand ordnend, erklärte Adriana: „Es ist bequemer als unsere eigenen Kleider.“"
0,"Sie hatte jedoch noch andere Gründe, dieses Kostüm zu tragen."
0,"Wenn sie die Prinzessin bei einem Angriff verteidigen musste, würde sie in den Hosen mehr Bewegungsfreiheit haben."
1,"Schließlich führte das Mädchen sie aus ihrem Gemach und zu einem großen, offenen Zelt."
0,"Adriana versuchte zu erkennen, ob die Schiffe näher gekommen waren, doch die Mauern waren zu hoch."
0,Der Kaiser erwartete sie auf einem goldgeschmückten Thron.
0,Diener fächelten ihm mit Palmblättern kühle Luft zu.
0,"Mithilfe eines Dieners, der übersetzte, verkündete der Herrscher: „Die Eindringlinge sind gekommen, um euch zu befreien."
0,"Ich besitze die Schätze, die auf euren Schiffen waren."
0,"Euer König muss nun entscheiden, welchen er zurück haben will."
0,Sein Gold … oder seine Braut.“
0,"In Berengarias Miene flammte ein Zorn auf, wie Adriana ihn noch nie zuvor an ihr gesehen hatte."
0,Hoch richtete sich die Prinzessin auf.
0,"Dann wisperte sie in ihrer Sprache: „Adriana, ich will, dass du fliehst, wenn sie uns in unsere Kammer zurückbringen."
0,"Bring dem König Botschaft darüber, was uns geschehen ist."
0,"Sorge dafür, dass er weiß, wo wir sind.“"
0,"„Ich werde nicht von Eurer Seite weichen“, widersprach Adriana."
0,"Wie könnte sie sich darauf verlassen, dass Johanna die Prinzessin beschützte, da doch die Königin vielleicht wieder Äußerungen tat, die den Imperator beleidigten."
0,„Sie werden uns als Druckmittel benutzen.
0,"Aber ich sorge mich um dein Leben, Adriana.“"
0,Die Prinzessin drückte ihre Hand.
0,"„Vergib mir, aber du hast keinen Wert für sie."
0,Sie könnten gar an dir ein Exempel statuieren wollen.“
0,"So wenig es ihr auch gefiel, sie verstand, was die Prinzessin meinte."
0,"Zweifellos würde Isaak Komnenos die beiden hohen Damen benutzen, um von Richard zu kriegen, was er wollte."
0,"„Ich will nicht, dass du stirbst“, drängte Berengaria."
0,"„Ich fürchte um dich, wenn du bleibst.“"
0,"Adriana neigte zustimmend den Kopf, aber sie wusste, wenn man sie erwischte, war sie ebenfalls tot."
0,So oder so war ihr Leben in Gefahr.
0,"Der Herrscher hatte diesen leisen Austausch missbilligend mitangesehen und befahl nun seinen Männern, die beiden Frauen zu trennen."
0,"Adriana wurde grob zur Seite gezerrt, sodass die Prinzessin ihr nur noch einmal auffordernd zunicken konnte."
0,"Als die Wache sie alle zurück in den Innenhof brachte, betrachtete Adriana aufmerksam die Umgebung, um einen möglichen Fluchtweg zu finden."
0,"Ihr Blick fiel auf einige Frauen, die bis zu den Augen verschleiert waren."
0,"Da wusste sie genau, was sie zu tun hatte."
1,"Kurz vor Sonnenaufgang saß Liam MacEgan mit den anderen Männern am Ruder, um die kleineren Boote näher ans Ufer zu bringen."
0,"Am Strand waren Barrikaden errichtet, um zu verhindern, dass sie Streitrösser mit an Land brachten."
0,"Doch das würde Richard nicht aufhalten, denn einige der kleinen Boote waren schon so weit vorgedrungen, dass die Pferde schwimmend das Land erreichen konnten."
0,"Liams Aufgabe war es, mit seinen Kriegern in einem Sturmangriff eine Bresche zu schlagen."
0,"Als die Reihen seiner Bogenschützen nun eine ganze Salve Pfeile losließen, brach unter den Zyprioten, die offensichtlich überrascht worden waren, Chaos aus."
0,"Sobald er das flachere Wasser erreicht hatte, zog Liam sein Schwert und stürmte mit den anderen Männern vorwärts."
0,Sein Puls hämmerte gleichermaßen vor Furcht wie vor Kampfeslust.
0,"Von Kindesbeinen an war er von seinem Vater und seinen Onkeln im Kampf ausgebildet worden, und als er nun dem Feind entgegentrat, wurde bald klar, dass dies keine Krieger waren."
0,"Bauern und Kaufleute waren von ihrem Herrscher geschickt worden, das Land zu verteidigen … Ohne ordentliche Waffen jedoch starben sie zu Hunderten."
0,"Daher beschloss Liam, sie sein Schwert nur spüren zu lassen, wenn man ihn direkt attackierte."
0,"Es gelang ihm und seinen Männern mühelos, am Feind vorbei in das Hügelland vor der Stadt vorzudringen."
0,"Die Silhouetten der antiken römischen Ruinen, die über die ganze Insel verteilt zu finden waren, lagen im Morgengrauen vor ihnen."
0,"Nahe dem Stadtzentrum lag die Festung, in der Liam die Prinzessin und die Königin vermutete."
0,Und Adriana würde dort sein.
0,"Er sah ihr Gesicht noch ganz deutlich vor sich, ihre dunklen Augen und ihren schlanken Körper."
0,"Sie besaß mehr Mut als jede andere Frau, die er kannte; eine wahre Kämpferin."
0,"Es war ihm nicht leichtgefallen, sie hier zurückzulassen, aber wer außer ihm hätte Richard die Botschaft von ihrer Gefangennahme überbringen sollen?"
0,Die Ruinen einer alten Basilika schienen den Kern der Festung zu bilden.
0,"Als sie sie erreichten, befahl Liam seinen Männern, hinter einem verfallenen Gebäude in Deckung zu bleiben, während er selbst die Verteidigungslinie erkundete und versuchte herauszufinden, wo sie am besten eindringen konnten."
0,"Aye, sie konnten es wahrscheinlich durch das Haupttor schaffen, aber da er nicht wusste, wie viele Wachen dort postiert waren, würde es seine Männer nur unnötig in Gefahr bringen."
0,Er schaute an der Festung empor zu den befestigten Türmen.
0,In einem davon vermutete er die Frauen.
0,"Keiner seiner Männer wusste von den Gefangenen; er hatte ihnen nur gesagt, dass sie die Verteidigungsanlagen der Festung auskundschaften würden."
0,"Gerade wollte er sie die Festungsmauer entlangführen, da hörte er ganz in der Nähe Waffenklirren und gebrüllte Befehle."
0,"Hastig bedeutete er zweien seiner Leute, ihm zu folgen, während die anderen sich auf die andere Seite der Festung zurückzogen."
0,"Leichtfüßig, eine Hand am Schwert, rannte Liam voran, bis er weiter vorn eine verschleierte Frau durch die Straßen hetzen sah."
0,Zwei Wächter waren ihr auf den Fersen und würden sie jeden Moment eingeholt haben.
0,"Für einen Moment überlegte er, ob er ihr helfen oder sich an seine Mission halten sollte, doch als die Frau ihn entdeckte, stürzte sie förmlich auf ihn und seine Männer zu."
0,Sie schaffte es nicht.
0,"Eine der Wachen packte sie an ihrem Schleier, riss sie brutal zurück und hob die Klinge."
0,"Ohne nachzudenken, stürmte Liam vor, ein wildes Gebrüll ausstoßend."
0,"Ehe der Mann reagieren konnte, hatte Liam ihm bereits sein Schwert in den Leib gerammt."
0,"Ein letzter entsetzter Blick, dann fiel die Waffe des Verletzten zu Boden, und er ließ die Frau los."
0,Der zweite Wächter warf nur einen Blick auf seinen gefallenen Kameraden und floh.
0,Liam fluchte.
0,"Ihre Chancen, unbemerkt in die Festung einzudringen, waren dahin, da der Mann unzweifelhaft Alarm schlagen würde."
0,Er steckte sein Schwert weg und streckte der Frau seine Hand entgegen.
0,"Und erstarrte vor Verblüffung, als sie sich ihm plötzlich in die Arme warf!"
0,"Berengarias Herz schlug so schnell, dass sie kaum noch atmen konnte."
1,"Der Kaiser hatte sie und die Königin mit seidenen Stricken fesseln lassen, und sie beide hatten eine schlaflose Nacht damit verbracht, auf König Richards Ankunft zu warten."
0,"Angesichts der unzähligen Schiffe, die am Horizont aufgetaucht waren, zweifelte sie nicht daran, dass seine Männer bald hier sein würden."
0,"Die Frage war, was der Kaiser mit ihnen tun würde, wenn die Krieger erst einmal gelandet waren."
0,"So sehr sie glauben wollte, dass sie Richard zu viel bedeutete, als dass er um ihr Leben feilschen würde, konnte sie es doch nicht mit Sicherheit wissen."
0,"Ihre Zusammenkunft auf Sizilien erschien ihr inzwischen fast wie ein Traum, obwohl sie immer noch seinen Kuss auf ihren Lippen spürte."
0,"Sie starrte hinaus in die blendende Sonne und spielte mit den Fingern an dem Kreuz, das sie unter ihren Kleidern versteckt trug."
0,"Stunden vergingen; sie verschmähte jede Speise und jeden Trank, den man ihnen anbot."
0,Tief in ihrem Herzen suchte sie Mut zu finden.
0,Wäre Adriana nur hier!
0,"Sie würde die richtigen ermunternden Worte finden, ihr versichern, dass sie bald gerettet wären."
0,"Und auch, wenn sie wusste, dass ihrer Freundin die Flucht gelungen war, fürchtete sie um ihr Schicksal, wenn man sie erwischte."
0,"Man würde sie ohne zu zögern töten, als Rache für den Mann, den sie bei ihrer Flucht verwundet hatte."
0,"Berengaria schloss die Augen und betete zu Gott, dass die junge Frau noch am Leben war."
0,Wie Donnergrollen dröhnte der Kampflärm durch die Luft.
1,"Mit wild klopfendem Herzen sah Berengaria zu, wie die Kreuzritter die Festung umzingelten."
0,"Unzählige Bewaffnete strömten durch die Tore, und mit Grausen wandte sich die Prinzessin ab, um Tod und Verderben dort unten nicht mehr mit ansehen zu müssen."
0,Endlich entdeckte sie Richard.
0,"Er saß auf seinem Streitross, in voller Rüstung, die vor Gold und Silber glänzte."
0,"Groß und stark, wie er war, ritt er allen voran und streckte mit seinem Schwert jeden nieder, der sich ihm in den Weg stellte."
0,"Sie verstand nun, weshalb sie ihn Löwenherz nannten."
0,Nicht ein einziges Mal wich er einem Kampf aus.
0,"Als er endlich in ihre Richtung sah, schenkte sie ihm ihr strahlendstes Lächeln."
0,Deutlich sah sie die Erleichterung in seinem Gesicht und wäre am liebsten zu ihm gelaufen und hätte sich in seine Arme geworfen.
0,"Doch jäh wurde sie von etwas geblendet, sodass sie aufsehen musste."
0,"Und da sah sie es … Dort standen Dutzende Bogenschützen, und allesamt hatten ihre Pfeile auf sie und Johanna gerichtet."
0,3.
0,KAPITEL 3.
0,KAPITEL Liam hielt Adriana dicht an seiner Seite.
0,"Es hatte nicht lange gedauert, die Prinzessin und die Königin zu finden, da Isaak Komnenos sie nur zu gerne öffentlich zur Schau stellte."
0,"Richards Antwort darauf war, Limassol die ganze Wucht seiner Armee spüren zu lassen."
0,Seine Kriegsschiffe waren ebenfalls in Position und hatten die gesamte Insel Zypern umzingelt.
0,"Der Herrscher wusste, dass er den Kampf verloren hatte."
0,"Nur eine Frage war noch offen: ob es ihnen gelang, Prinzessin Berengaria und Königin Johanna rechtzeitig zu retten."
0,"So sehr es Liam widerstrebte, eine Frau mit in die Schlacht zu nehmen, konnte er Adriana einfach nicht zurücklassen."
0,"Ohnehin wich sie nicht von seiner Seite, eine Klinge in der Hand."
0,"Im Gegensatz zu anderen Frauen schreckte sie nicht vor Blut und Tod zurück, sondern war wachsam und bereit zu kämpfen, wenn nötig."
0,Nie hatte er eine Frau wie sie getroffen.
0,"Sie faszinierte ihn, und wenn das hier vorbei war, würde er offen um sie werben."
0,"Isaak Komnenos sah blass aus, als sie das Zentrum der Festung erreichten."
0,"Vermutlich hatte er keine Vorstellung davon gehabt, wie gewaltig Richards Streitmacht war."
1,Binnen weniger Stunden war Limassol eingenommen; jetzt lag das Leben des Mannes in den Händen des Königs.
0,"Der Kaiser trat vor und begann, mit Hilfe eines Übersetzers mit Richard zu verhandeln: „Eine Invasion wäre nicht nötig gewesen."
0,Wir hätten einen Waffenstillstand aushandeln können.“
0,"Liam sah, wie der König den Mund zusammenpresste, offensichtlich um Beherrschung bemüht."
0,"„Und weshalb sollte ich mit einem Mann verhandeln, der meine zukünftige Gemahlin und meine Schwester entführt, meine Schätze stiehlt und meine Männer tötet?“"
0,"Er winkte zwei Dutzend seiner Soldaten, sich im Halbkreis um ihn zu gruppieren."
0,"„Wenn ich meinen Bogenschützen das Zeichen gebe, werden Eure Frauen sterben“, erwiderte der Kaiser."
0,"„Wenn Ihr sie auch nur anrührt, wird Eure Tochter sterben.“"
0,"Richard deutete mit einem Nicken hinter sich, wo einige Soldaten ein junges Mädchen festhielten, das angstvoll schluchzte."
0,Vor Wut lief das Gesicht des Kaisers rot an.
0,Auf sein Zeichen hin brachten sich Bogenschützen in Stellung.
0,"Da spürte Liam, dass Adriana ihm seinen Schild entriss, und voller Entsetzen musste er zusehen, wie sie sich vor die Prinzessin und die Königin warf."
0,Ein halbes Dutzend Pfeile blieben im Holz des Schildes stecken.
0,"Rasch folgte Liam ihrem Beispiel, packte einen weiteren Schild und unterstützte Adriana."
0,"Gott im Himmel, sie hätte getötet werden können."
0,"Sie hatte keinen Moment gezögert, ihr Leben für das der Prinzessin zu opfern, und er hatte keine Vorstellung gehabt, welche Gefühle es in ihm wecken würde, sie in solcher Gefahr zu sehen."
0,"Pfeile sausten durch die Luft, fällten die zypriotischen Bogenschützen, bis schließlich alle Kämpfe innerhalb der Festung zum Erliegen kamen."
0,Isaak Komnenos war nun ein Gefangener des Königs; Zypern war in Richards Hand.
0,"„Verhaltet Euch ruhig“, sagte Liam zu Adriana."
0,„Es ist noch nicht vorbei.“
0,Sie lächelte schwach.
0,"„Ich bin froh, wenn es so weit ist.“"
0,"„Eure Majestät“, bat der Kaiser laut."
0,„Ich wünsche mir Frieden zwischen uns.
0,"Um Eure Verluste wiedergutzumachen, biete ich Euch zwanzigtausend Goldstücke."
0,"Außerdem bekommt Ihr meine einzige Tochter als Geisel, und meine Männer werden mit den Euren auf den Kriegszug gehen.“"
0,"Ein Soldat packte Komnenos am Arm, während Richard wie ein Turm vor ihm aufragte."
0,„Über die Bedingungen sprechen wir später.“
0,"„Legt mich nicht in Eisen, Eure Majestät."
0,"Ich flehe Euch an, legt mich nicht in Eisen.“"
0,"Ein seltsames Lächeln erschien auf Richards Gesicht, während er den Dolch an seinem Gürtel zog und die seidenen Fesseln der Frauen durchtrennte."
0,„Wie Ihr wünscht.“
0,"Als der Kaiser jedoch in Gewahrsam genommen worden war, befahl Richard seinen Rittern: „Fertigt seine Ketten aus Silber!“"
0,"Während der König Berengaria in seine Arme zog und küsste, ließ Adriana sich erleichtert gegen Liam sinken, und er hielt sie fest."
0,"Wie wunderbar war es, ihre Wärme, ihr weiches Haar an seiner Wange zu fühlten."
0,"Und als sie wie unbewusst mit den Fingerspitzen ihre Lippen berührte, fragte er sich, ob sie die gleichen Gedanken hegte wie er."
1,"Am nächsten Tag fühlte Berengaria sich, als flatterten Tausende Schmetterlinge in ihrem Magen."
0,"Adriana hatte viele Stunden damit zugebracht, ihr beim Baden und Ankleiden zu helfen."
0,Nun betrachtete sie im Spiegel ihr Gewand aus blauer Seide mit silberner Stickerei.
0,"Ihr in der Mitte gescheiteltes Haar zierte ein kurzer Schleier, und auf dem Haupt trug sie ein mehrstufiges Diadem mit einem Schwertlilienmuster aus Juwelen."
0,Beinahe schien sie eine Krone zu tragen.
0,"Um den Hals trug sie das Kreuz, das Richard ihr geschenkt hatte."
0,"Als Gabe für ihren zukünftigen Gemahl hatte sie einen goldfarbenen, mit Edelsteinen geschmückten Gürtel gewählt."
0,"„Ihr seht wunderschön aus“, rief Adriana, als sie zurücktrat, um ihr die Schleppe zurechtzurücken."
0,Gleich sollte sie als junge Braut zum König geführt werden.
0,"Berengaria wartete vor der Kapelle des heiligen Georg und konnte gar nicht mehr aufhören zu lächeln, als sie Richard auf seinem goldgezäumten spanischen Ross heranreiten sah."
0,Sein goldfarbener Sattel wurde von zwei eingeprägten Löwen geziert.
0,Wie prächtig er aussah!
0,"Er trug eine rosenrote Seidentunika, die von dem Gürtel gerafft wurde, den sie ihm geschenkt hatte, und um seine Schultern lag ein gestreifter Mantel aus silberdurchwirktem Stoff."
0,Sein Schwert aus Damaszenerstahl mit dem goldenen Heft steckte in einer silbernen Scheide.
0,Sein Haupt krönte eine Kappe aus scharlachrotem und goldenem Brokat mit eingewebten Tiergestalten.
0,In einer Hand hielt er einen Herrscherstab als Zeichen seiner Macht über die Zyprioten.
0,"Als er aus dem Sattel stieg und zum Portal schritt, glänzte sein rötlich-blondes Haar vor dem saphirblauen Meer in der Sonne wie Gold."
0,"Als er dann ihre Hand ergriff, barst ihr vor Glück beinahe das Herz."
0,"Bei keinem anderen Mann hatte sie je so empfunden, und sie hätte sich für ihre Hochzeit keine schönere Insel erträumen können."
0,"In der warmen Luft hing der Duft von Jasmin, der an den alten Mauern emporrankte."
0,"Ich könnte ihn lieben, wurde ihr bewusst, und als sie in seine Augen sah, las sie ähnliche Gefühle darin."
0,"Sie fühlte sich geehrt, seine Ehefrau werden zu dürfen."
0,"Nachdem sie ihr Ehegelübde gesprochen hatten, gab der Bischof von Evreaux ihnen seinen Segen und beendete die Messe."
0,Berengaria nahm Richards Arm und war fortan gesalbte und gekrönte Königin von England und Zypern.
0,"Die Hochrufe der Männer hallten durch die Festung, aber Berengaria kümmerte ihr neuer Titel nur wenig."
0,"Sie hatte nur Augen für den Mann, der sie gerettet und vor Unheil bewahrt hatte."
0,Der gerade ihre Hände mit den seinen umfing.
0,"„Ich bin froh, dass du zu unserer Trauung kein Kettenhemd tragen musstest“, neckte sie ihn."
0,Richard stahl ihr einen Kuss und zog sie an sich.
0,"Von der Wärme seiner Lippen und seiner glühenden Leidenschaft erregt, klammerte sie sich an ihn, als könnte er ihr heftig klopfendes Herz beruhigen."
0,"„Ich würde in Sack und Asche gehen, wenn ich nur dich zur Braut bekomme.“"
0,"Sanft fuhr er mit der Hand über ihren Rücken, als könne er es kaum erwarten, sie alleine in der Ungestörtheit ihrer Gemächer zu berühren."
0,"„Mein Leben lang durfte ich nie etwas für mich selbst entscheiden“, gestand Berengaria."
0,"„Dich nun zum Ehemann zu haben, ist wie ein unerwartetes Geschenk."
0,"Hätte ich die Wahl gehabt, hätte ich dich gewählt.“"
0,"Fest umfing er ihre Taille und hob Berengaria hoch, bis sie sich auf einer Augenhöhe befanden."
0,"Rings um sie erklang der Lärm des Festgelages, das Schmausen und Trinken … das Lachen ihres Volkes."
0,"„Es wird nicht leicht, wenn wir ins Heilige Land ziehen“, gestand Richard."
0,"„Aber jetzt, da Gott dich mir wiedergegeben hat, muss ich mein Gelübde erfüllen.“"
0,Sie umschloss sein Gesicht mit den Händen.
0,"„Und was auch kommen mag, wir werden zusammen sein.“"
1,Der Mond stand hell am Himmel.
0,"Adriana ging barfuß, Hand in Hand mit Liam."
0,In der freien Hand hielt sie ihre Schuhe.
0,"Sie genoss es, den seidenfeinen Sand unter ihren Fußsohlen zu spüren."
0,"Eine Weile schritten sie schweigend nebeneinander her, bis Liam sie auf einen Hügel führte und zu einem Fels deutete, der in der Ferne aus dem Meer ragte."
0,"„In der Sage heißt es, dass einst die Göttin Aphrodite in der Nähe dieses Felsens der See entstieg.“"
0,"„Die Göttin der Liebe“, murmelte sie und lehnte sich im Gras zurück."
0,Liam setzte sich neben sie.
0,Ein Blick in seine Augen ließ sie erbeben.
0,„Sie könnte sich nicht mit dir messen.“
0,"Er strich ihre eine Locke aus der Stirn, und Adriana fühlte, wie ihr Blut aufwallte gleich den Wogen des Meeres."
0,"Sie bei den Handgelenken fassend, drückte er sie nieder ins Gras."
0,"„Der erste Kuss, den ich dir gab, war nicht so, wie ich dich hätte küssen wollen.“"
0,"„Dann zeig mir, wie du mich küssen wolltest“, bat sie."
0,"Die erste Berührung seiner Lippen war wie ein Feuer, das sie nie zuvor verspürt hatte."
0,"Er küsste sie so hungrig, dass sie kaum mehr Luft bekam."
0,"Seine Zungenspitze fuhr ihre weichen Lippen nach und drängte sie, sich ihm zu öffnen, und als er ihren Mund erkundete, antwortete ihr Körper mit stürmischem Verlangen."
0,"„Wer bist du, Liam MacEgan?“, murmelte sie an seinem Mund."
0,"„Du bist anders als alle, die ich kenne.“"
0,"„Ich bin der Mann, der nichts auf dieser Welt mehr begehrt als dich.“"
0,Er drehte sich zur Seite und verschränkte seine Beine mit den ihren.
0,"Dass das ungehörig war, kümmerte sie nicht, denn hier waren sie ganz ungesehen."
0,"Ihre eigene Familie hatte sie in den Dienst der Prinzessin verkauft; ein Treuebruch, der in ihr eine große Leere hinterlassen hatte."
0,Doch Liam hatte diese Einsamkeit gefüllt und ihr unerwartet Hoffnung geschenkt.
0,Sie schlang ihm die Arme um den Nacken und presste ihren Busen gegen seine harte Brust.
0,"„Wenn wir ins Heilige Land kommen, wirst du fortgehen.“"
0,"„Ich werde in die Schlacht ziehen“, gab er zu, „aber ich werde dich nicht gehen lassen.“"
0,"Er neigte sich zu ihr und küsste sie erneut, lockte und schmeichelte, und beinahe hätte sie alle Bedenken über Bord geworfen und sich ihm hingegeben."
0,"„Wenn alles vorbei ist, wirst du nach Irland zurückkehren“, wandte sie ein, „und ich werde bei Königin Berengaria bleiben.“"
0,"Der Gedanke gefiel ihr nicht, doch ihr blieb keine andere Wahl."
0,"„Wenn du es willst, kann ich dich mit in meine Heimat nehmen.“"
0,Er schmiegte seine Wange an ihre und zog sie fest in seine Arme.
0,"Die Zuversicht in seiner Stimme, seine Gewissheit, dass der König und die Königin seinen Wünschen nachgeben würden, verwirrte sie."
0,"Aber Liam MacEgan hatte sich nie verhalten, als stünde er im Dienst des Königs."
0,"Und wenn sie genauer darüber nachdachte, hatte Richard ihn auch nie so behandelt."
0,"„Du bist kein Händler oder Lehnsmann, nicht wahr?“, fragte sie."
0,„Und du stehst höher als ein Krieger.“
0,"„Ist es wichtig, wer ich bin?“"
0,"„Meinetwegen könntest du ein Bettler sein“, gab sie zu."
0,"„Ich würde dich als den Mann nehmen, der du bist.“"
0,"„Was, wenn ich ein Prinz wäre?“"
0,"Er setzte sich auf, legte ihr eine Hand auf die Schulter und schaute sie aus seinen grauen Augen forschend an."
0,„Wäre dir das auch gleich?“
0,"Sie sah die Anspannung in seinem Gesicht, und ihr wurde klar, dass er die Wahrheit sagte."
0,"Dieser Mann war kein gewöhnlicher Mann, er war von königlichem Blut … genau wie Richard."
0,"„Schlimm wäre für mich nur, wenn du mich zurückließest“, sagte sie sanft."
0,"„Ich möchte dich kennenlernen, wie du wirklich bist.“"
0,"Er zog sie auf seinen Schoß, hielt sie fest und sah hinaus aufs Meer."
0,"„Mein Vater ist der König von Laochre, einem kleinen Königreich in Irland."
0,"Er ist kein Hochkönig“, fügte er hinzu."
0,„Aber ich bin unserem Volk verpflichtet.
0,"Ich schloss mich König Richard an, weil ich Abenteuer suchte.“"
0,Er drückte ihr einen Kuss auf die Schläfe.
0,„Stattdessen habe ich dich gefunden.“
0,Sie lachte leise.
0,"„Wenn man die vergangenen Wochen betrachtet, dann wird jeder Tag mit dir ein Abenteuer sein.“"
0,„Aber ich werde dich stets beschützen.
0,"Das verspreche ich dir bei allem, was mir heilig ist.“"
0,"Sie hob ihm ihren Mund entgegen und gab ihm ihre Antwort, aus tiefstem Herzen."
0,"Und als er sie in die Arme schloss, konnte sie sich nichts anderes vorstellen als eine Zukunft mit ihm … dem Prinzen ihres Herzens."
0,– ENDE – Anmerkung der Autorin Anmerkung der Autorin Manchmal schreibt die Wahrheit selbst die schönsten Geschichten.
0,"Als ich König Richards I. und Berengarias Geschichte recherchierte, fand ich, dass die Reise, die sie ihrem Hochzeitstag entgegenführte, alles enthielt, was eine gute Abenteuergeschichte braucht."
0,"Ein Schiffsunglück, gefangen genommene Kreuzfahrer und ein König, der den Herrscher Zyperns besiegt, um seine Braut zu befreien … Es hat unheimlich viel Spaß gemacht, die wahren geschichtlichen Einzelheiten zu recherchieren."
0,"In weiten Kreisen glaubt man immer noch, dass Richard Berengaria schon Jahre vor ihrer Trauung vorgestellt wurde und dass eine gewisse Anziehung zwischen ihnen bestand."
0,"In meinen Quellen war das exakte Jahr, in dem er Navarra besuchte, nicht verzeichnet, also habe ich mir da eine kleine erzählerische Freiheit erlaubt."
0,"Königin Eleanor von Aquitanien brachte Berengaria tatsächlich nach Sizilien, um sie Richard zuzuführen und ihr Verlöbnis zu arrangieren."
0,Richard ließ es zu einem Zerwürfnis mit König Philip II.
0,"von Frankreich kommen, als er sein Verlöbnis mit Alys, der Schwester des Königs, löste."
0,"Alys war das Mündel von Richards Vater, König Heinrich II., und es geht das Gerücht um, sie sei von Heinrich verführt worden und habe ihm ein Kind geboren."
0,"Richard hatte Philip nicht beleidigen, aber auch nicht die Mätresse seines Vaters heiraten wollen."
0,Richard brach von Sizilien aus mit über zweihundert Schiffen zu dem Kreuzzug auf.
0,"Durch einen Sturm wurden an die fünfundzwanzig Schiffe vom Kurs abgebracht, auf einem von ihnen Richards zukünftige Gemahlin Berengaria und seine Schwester, Königin Johanna von Sizilien."
0,"Es dauerte eine Weile, bis man die Spur der vermissten Schiffe fand, die, wie sich später herausstellte, an der Küste Zyperns zerschellt waren."
0,"Viele Quellen besagten, dass Berengaria und Königin Johanna sich weigerten, von Bord zu gehen, als der Kaiser von Zypern, Isaak Komnenos, sie in seine Festung einlud."
0,"Ich habe mir die Freiheit genommen, sie vom Kaiser gefangen nehmen zu lassen – wie es vielen schiffbrüchigen Kreuzfahrern tatsächlich geschah."
0,"Wahr ist, dass Richard Zypern angriff und eroberte."
0,Komnenos flehte um Gnade und bot dem König zwanzigtausend Goldmünzen und seine eigene Tochter als Geisel.
0,"Auch ist überliefert, dass er tatsächlich flehte, nicht in Eisen gelegt zu werden."
0,"Richard willigte ein und ließ silberne Ketten anfertigen, um sein „Versprechen“ zu halten."
0,Richards und Berengarias Ehe nahm unglücklicherweise kein gutes Ende.
0,Durch ihre Trennung während des Krieges und Richards folgende Gefangenschaft blieb die Ehe kinderlos.
0,"Berengaria war die einzige Gemahlin eines englischen Königs, die niemals englischen Boden betrat."
0,Der Charakter Liam MacEgan ist der älteste Sohn König Patricks von Laochre aus meiner Serie Die MacEgan-Brüder.
0,Näheres darüber finden Sie auf meiner Homepage.
