1,Die Tropen waren wirklich das Letzte.
0,"Es roch nach verrottenden Pflanzen, und die schwüle Luft ließ Rick die Sachen am Leibe kleben."
0,"Dass er sich dem aussetzte und nach einer Frau suchte, die er eigentlich niemals hatte wiedersehen wollen, sagte so einiges über seinen Charakter aus."
0,"Allerdings war er sich nicht sicher, ob er heldenhaft oder masochistisch veranlagt war."
0,"Zusammengekauert im Dschungeldickicht, hielt Rick Callahan den Atem an, als ein Wachposten mit einem Maschinengewehr über der Schulter zur Vorderseite des Gebäudes ging."
0,Schliefen diese Typen eigentlich nie?
0,"Regungslos blieb er sitzen, schließlich wurde er dafür bezahlt, Megan O‘Toole zu befreien."
0,Und zwar gut bezahlt.
0,"Das war der einzige Grund, warum er sich in diesem Höllenloch befand und bereit war, es mit Guerillakämpfern aufzunehmen, die sehr viel besser bewaffnet waren als er."
0,Rick kam geduckt aus seinem Versteck hervor und hastete zur Ecke der windschiefen Hütte.
0,Auf allen vieren kroch er zu dem einzigen Fenster und entdeckte Megan.
0,"Ihr Anblick rief Gefühle in ihm wach, die ihn wie ein Messerstich durchfuhren."
0,Doch darüber nachzudenken hatte er jetzt weder Zeit noch Lust.
0,Er musste einen Job erledigen.
0,Jetzt.
0,Bevor sie beide umgebracht wurden.
0,"Mit gezogener Waffe, den Rücken gegen die Wand gepresst, schaute er vorsichtig über den Fenstersims."
0,"Megan, die Tochter des Multimillionärs Cameron O‘Toole, saß mit verbundenen Augen in der Mitte des Raumes."
0,Man hatte sie gefesselt und geknebelt.
0,"Völlig in sich zusammengesunken kauerte sie auf ihrem Stuhl, und einen Moment lang fürchtete Rick, sie wäre tot."
0,Die Vorstellung schnürte ihm die Kehle zu.
0,Dann bewegte sie sich und hob langsam den Kopf.
0,"Rick konnte hören, wie ihre Entführer vor der Hütte die Schnapsflasche kreisen ließen."
0,Sie hatten allen Grund zur Freude: Gerade hatten sie ihre letzte Forderung an Megans Vater übermittelt.
0,Rick selbst hatte mit ihnen verhandelt.
0,Jetzt schwang er sich über das Fensterbrett und landete geräuschlos im Inneren der Hütte.
0,Nur eine kleine Kerosinlampe auf dem Lehmboden erleuchtete den Raum.
0,"Ziemlich primitiv für Megan, die an Luxus und Hausangestellte gewöhnt war."
0,"Und an einen fürsorglichen Vater, der sie wie seinen Augapfel behütete."
0,"O‘Toole war in seiner Fürsorge so weit gegangen, Rick als Leibwächter seiner Tochter zu feuern, weil der ihrem Zauber erlegen war."
0,Und weil er sich ihretwegen hatte anschießen lassen.
0,"Es war eine Demütigung, die Rick noch immer nicht verwunden hatte."
0,"Er steckte die Waffe weg, schlich zu Megan und legte ihr die Hand auf den Mund, bevor er ihren Kopf an seine Schulter zog."
0,"Sie wehrte sich, sodass er seinen Griff verstärkte."
0,"„Sei still, sonst sind wir beide tot."
0,Verstanden?“
0,"Sie nickte, aber die Spannung wich nicht aus ihrem Körper."
0,"Rick ließ Megan los, löste den Knebel und schnitt die Fesseln durch."
0,"Ohne ihren blutenden Handgelenken in diesem Moment Aufmerksamkeit zu schenken, zog er sie vom Stuhl auf den Boden."
0,Megan riss sich die Augenbinde ab und blinzelte.
0,"„Wenn das hier nur eine Sinnestäuschung ist, wirst du es bitter bereuen“, flüsterte sie mit rauer Stimme."
0,Rick zog die Brauen hoch.
0,"Das klang so gar nicht nach der Megan, an die er sich erinnerte."
0,"„Ich bin echt, keine Sorge."
0,"Kannst du gehen?“, flüsterte er, und sie begegnete seinem Blick und nickte."
0,Alles in allem sah sie eher wütend als verängstigt aus.
0,"Rick hätte viel darum gegeben, zu erfahren, was gerade in ihrem hübschen Köpfchen vor sich ging."
0,"Auf allen vieren, fast Nase an Nase mit ihrem Befreier, musterte Megan die grün-schwarze Kleidung, das mit Tarnfarbe beschmierte Gesicht, und schaute in dunkle, unversöhnlich blickende Augen."
0,"Augen, die ihr vertraut vorkamen."
0,Richard.
0,"Als sie ihm das letzte Mal so nahe gewesen war, hatte er sie geküsst, bis sie vor Verlangen fast verrückt geworden war."
0,"Eine Sekunde lang konnte sie beinahe wieder seine warmen Hände spüren, die über ihren Körper wanderten, sie an Stellen streichelten, die nur von ihm berührt werden wollten."
0,"Sie meinte sogar, sein erotisches Flüstern hören zu können."
0,"Doch mit diesen prickelnden Erinnerungen kehrten auch die Gedanken an den Ärger zurück, dessen Ursache sie gewesen war."
0,"Die Kugel, die er abbekommen hatte, um sie zu retten."
0,"Und obwohl sie geglaubt hatte, ihrem ehemaligen Leibwächter etwas zu bedeuten, hatte er sie einfach sitzen lassen."
0,"„Daddy muss dir einen Haufen Geld zahlen, dass du das hier machst.“"
0,"„Mehr, als er anfangs rausrücken wollte.“"
0,Diese Beleidigung tat weh und verletzte mehr Megans Herz als ihr Ego.
0,"Welcher Summen hatte es wohl bedurft, um Callahan dazu zu bewegen, sie hier in der Wildnis aufzuspüren?"
0,"Und warum hatte ihr Vater ausgerechnet den Mann beauftragt, den er zum Teufel gejagt hatte?"
0,"„Bist du okay?“, flüsterte er."
0,"„Ja, sicher, nur der Service hier lässt ein bisschen zu wünschen übrig“, fuhr sie ihn an."
0,"Sie hätte schwören können, dass seine Lippen sich tatsächlich zu einem Lächeln verzogen."
0,"Nein, das musste eine Täuschung sein."
0,Callahan lächelte nicht.
0,"Obwohl es schwierig war, ihn in der Dunkelheit auszumachen, folgte sie ihm über den Boden kriechend zum Fenster."
0,Wie eine lange schwarze Schlange wand er sich über den Sims und zog sie hinterher.
0,"Eine scharfe Kante schnitt sich in ihre Hüfte, und Megan musste sich auf die Zunge beißen, um nicht aufzustöhnen und womöglich ihre Kidnapper auf sie aufmerksam zu machen."
0,"Die hatten ihre Freude daran gehabt, sie herumzuschubsen, wenn der Neandertaler, den sie ihren Chef nannten, gerade nicht in der Nähe war."
1,"Kaum waren sie draußen, schnappte Rick ihre Hand und rannte mit ihr in den dichten Dschungel hinein."
0,Schon nach wenigen Metern wollten ihre Beine unter ihr nachgeben.
0,„Callahan!
0,Ich habe seit einer Woche auf diesem Stuhl gesessen!“
0,"Ohne innezuhalten, hob Callahan sie hoch, warf sie sich über die Schulter und rannte weiter."
0,"Megans Atem ging so schwer, dass sie kaum darauf achtete, wie Rick mit einem Arm ihre Schenkel umschlungen und eine Hand zwischen ihre Beine geschoben hattte."
0,Sie würde sich nicht beschweren.
0,"Hätte sie auch gar nicht gekonnt, da sie kaum noch Luft bekam."
0,"Rick lief bestimmt einen Kilometer weit, bevor sie Gewehrschüsse hörte."
0,"„Warst wohl eine beliebte Geisel, was?“, murmelte er anklagend und lief noch weitere hundert Meter, bevor er sie so heftig auf die Füße stellte, dass Megans Zähne aufeinanderschlugen."
0,Sie strich sich das Haar aus dem Gesicht.
0,„Und was jetzt?“
0,"Erbost registrierte sie, dass er kaum außer Atem war."
0,„Wir laufen weg.“
0,„Haben wir das nicht eben auch getan?“
0,"„Wenn ich dich tragen muss, sind wir nicht schnell genug.“"
0,Er drehte sie herum und drängte sie vorwärts.
0,"„Lauf, für eine tote Geisel werde ich nicht bezahlt.“"
0,"Gut, dachte sie, dann habe ich wenigstens Chancen, am Leben zu bleiben."
0,"Sie gehorchte und lief so schnell sie konnte, ohne auf ihre schmerzenden Muskeln zu achten."
0,Angst trieb sie voran.
0,"Angst, wieder zurückgeholt zu werden."
0,Angst vor Schlaf- und Nahrungsentzug.
0,Ihre Entführer hatten auf diese Art ihre Spielchen mit ihr getrieben.
0,Rick dagegen würden sie bestimmt foltern.
0,"Blätter von der Größe kleiner Tiere schlugen ihr ins Gesicht, Zweige verhakten sich in ihrer Kleidung."
0,"Sie stolperte, und Rick griff nach ihrem Ellbogen."
0,"„Weiter, verdammt, beweg dich!“"
0,„Ich tu mein Bestes.“
0,„Dein Bestes wird uns noch umbringen.“
0,"Sie waren fünfzig Meter weiter gekommen, als ein ohrenbetäubendes Krachen ertönte."
0,Im Dschungel der Lust 2.
0,"KAPITEL Eine Explosion erschütterte die Erde, und Rick warf sich gegen Megans Rücken."
0,"Zusammen fielen sie auf den Boden, und Megan schnappte nach Luft."
0,"„Hast du dieses Feuerwerk gezündet?“, erkundigte sie sich wütend."
0,„Ja.“
0,"„Und dabei ist dir nicht in den Sinn gekommen, mich vielleicht zu warnen?“"
0,„Nein.
0,Steht nicht im Wie-rette-ich-eine-Prinzessin-Handbuch.“
0,"Rick zuckte zusammen, als er von umherfliegenden Teilen getroffen wurde."
0,"Doch schon im nächsten Augenblick sprang er auf, packte Megan am Hosenbund und zog sie ebenfalls wieder hoch."
0,Die Explosion verschaffte ihnen ein wenig Zeit.
0,"Wie viel, konnte man nie genau vorhersagen."
0,"„Wie ich sehe, haben sich deine Neandertaler-Manieren nicht gebessert.“"
0,"Die Bemerkung erinnerte ihn an Dinge, an die er jetzt nicht denken wollte."
0,"„Das hat dich damals aber auch nicht daran gehindert, dich mir an den Hals zu werfen, oder, Prinzessin?“"
0,"Sie wünschte, er würde aufhören, sie so zu nennen."
0,„Das war einmal.
0,Mein Geschmack hat sich verbessert.“
0,"„Dann kann ich ja als glücklicher Mann sterben“, murmelte er trocken."
0,"„Ich brauche nämlich nicht schon wieder eine Schusswunde, und je eher wir uns wieder trennen, desto länger bleibe ich am Leben.“"
0,"Verletzt bemühte Megan sich, die Fassung wiederzugewinnen, bevor sie sich zu ihm umdrehte."
0,"„Nicht, wenn du dein kostbares Geld haben willst, Callahan."
0,Dann hast du mich am Hals.“
0,Er beugte sich drohend über sie.
0,"„Ich bin deine einzige Möglichkeit, hier herauszukommen."
0,"Das heißt, während der nächsten drei Tage wirst du mich ertragen müssen.“"
0,Sie schluckte.
0,„Tage?“
0,Leider verschaffte ihr entsetzter Blick ihm nicht die erhoffte Befriedigung.
0,"„Wir sind weiter von dem nächsten Ort entfernt, als du denkst.“"
0,Dann lächelte er.
0,Es war ein böses Lächeln.
0,"Das gefällt ihm, dachte Megan."
0,Dass ich ihm ausgeliefert bin und ohne ihn nicht überleben kann.
0,„Vielleicht sollten wir dann weitergehen?“
0,"Mit hölzernen Bewegungen bedeutete sie ihm, voranzugehen."
0,"Rick setzte sich wieder in Bewegung, und Megan blieb direkt hinter ihm."
0,"Ihr blieb ja nichts anderes übrig, selbst wenn sie das Gefühl hatte, bald tot umfallen zu müssen."
0,"Aber sie würde Rick keinen Grund geben zu bedauern, dass er zu ihrer Rettung geeilt war."
0,"Er musste das Geld dringend wollen, sonst hätte er diese Aktion sicher nicht riskiert."
0,Schließlich hatte er ihretwegen schon einmal seinen Job und viel Blut verloren.
0,"Nach dem Vorfall hatte Rick nie versucht, Kontakt mit ihr aufzunehmen, und das konnte sie ihm nicht verzeihen."
0,"Er blieb so plötzlich stehen, dass sie fast in ihn hineingerannt wäre."
0,„Warte hier.“
0,Vorsichtig ging er weiter.
0,Sie lief hinter ihm her und packte ihn am Arm.
0,„Oh nein.
0,"Weißt du, was für Tiere hier in diesem Dschungel rumlaufen?“"
0,"„Ja, das weiß ich.“"
0,Rick stieß ihre Hand weg.
0,"„Trotzdem kein Grund, hier rumzuschreien.“"
0,Ohne ein weiteres Wort verschwand er im Dickicht.
0,"Nervös lauschte Megan auf die bedrohlichen Geräusche, die durch die Dunkelheit klangen."
0,"Sie war kurz davor, die Fassung zu verlieren, als Rick mit einem Rucksack und einer Machete in der Hand zurückkehrte."
0,„Lass uns weitergehen.
0,Wir müssen bis Sonnenaufgang weit genug weg sein.“
0,„Hast du zufällig etwas zu essen das drin?“
0,"Schweigend griff er in den Rucksack und holte einen in Silberfolie eingewickelten Riegel heraus, nach dem Megan gierig griff."
0,"Rick bekam ein schlechtes Gewissen, als er sah, wie Megan das Essen in sich hineinschlang."
0,"„Himmel, Meg, wann hast du zuletzt etwas gegessen?“"
0,"Achselzuckend und kauend hob sie einen Finger, bevor sie schluckte."
0,Er reichte ihr eine Flasche Wasser.
0,"„Brauchst du eine Pause?“, fragte er."
0,Die Frage klang härter als beabsichtigt.
0,Megan hob das Kinn.
0,„Ich schaffe es schon.“
0,Mit prüfendem Blick musterte Rick sie.
0,"Und fragte sich, was sich sonst noch alles an ihr verändert hatte."
0,"Die Megan O‘Toole, die er vor Jahren kennengelernt hatte, war nett, rücksichtsvoll und lustig gewesen - und ganz schön verwöhnt, wenn man ehrlich war."
0,Man konnte es ihrem Vater oder ihr nicht einmal verübeln.
0,"Wenn er selbst Familie hätte, würde er ebenfalls alles tun, um sie glücklich zu machen."
0,Aber hatte eine Woche in den Händen ihrer Kidnapper Megan tatsächlich derart verändert?
0,"Unwahrscheinlich, dachte Rick, bevor er sich wieder den drängenderen Problemen zuwandte."
0,"Er konnte nur hoffen, dass die Entführer die Explosionen nicht überlebt hatten."
0,Aber er wollte kein Risiko eingehen.
1,"Stundenlang marschierten sie schwitzend durch den Dschungel, bis endlich die Dämmerung anbrach."
0,Allerdings drang kaum Sonnenlicht durch das dichte Blattwerk der Bäume.
0,"„Wohin genau gehen wir eigentlich?“, fragte Megan erschöpft."
0,„Willst du es genau wissen?
0,Zwölf Grad in südwestliche Richtung.“
0,Hinter seinem Rücken verzog Megan das Gesicht.
0,Besserwisser.
0,„Wären wir da oben nicht besser aufgehoben?“
0,Sie deutete zu den Bergen.
0,„Von dort könnten wir besser sehen.“
0,"„Da oben wird Mohn angebaut, und wenn du nicht auch noch gegen Drogenbosse kämpfen willst …“ Er ließ den Rest des Satzes in der Luft schweben."
0,„Haben sie ein Badezimmer?
0,Das könnte meine Entscheidung maßgeblich beeinflussen.“
0,Rick drehte sich zu ihr um.
0,"Dann stieß er einen gequälten Seufzer aus, hob die Machete und mähte ein kleines Stück Dickicht nieder."
0,„Geh da rein.“
0,Sie starrte auf die winzige Lichtung.
0,„Mein eigenes Boudoir.
0,Wie nett.“
0,Mit einem majestätischen Nicken verschwand Megan hinter dem Gebüsch.
0,Rick trank einen Schluck Wasser und wartete.
0,Und wartete.
0,„Da drinnen gibt es weder Spiegel noch Parfum.
0,"Jetzt komm schon, Miss O‘Toole.“"
0,Einige Minuten später trat Megan wieder zwischen den Lianen hervor.
0,"Sie hatte das rote Haar mit den Fingern gekämmt, die schmutzige Kleidung zurechtgerückt und glatt gestrichen."
0,Ein einzelner Sonnenstrahl drang durch das Blätterdach und erhellte ihr Gesicht.
0,"Verdammt, dachte Rick, sie ist noch immer wunderschön."
0,"Das Verlangen, sie zu küssen, überkam ihn mit fast schmerzhafter Macht, doch er wehrte sich dagegen."
0,"Es war ihn schon einmal teuer zu stehen gekommen, dass er ihretwegen den Kopf verloren hatte."
0,"So dumm, es noch einmal geschehen zu lassen, war er nun doch nicht."
0,"„Endlich fertig?“, fragte er ungeduldig."
0,"„Ja, aber die Toilettenfrau muss noch ihr Trinkgeld bekommen.“"
0,Er verzog das Gesicht und schüttelte den Kopf.
1,Ricks Energie schien unerschöpflich.
0,"Megan bewunderte die Kraft, mit der seine langen Beine Kilometer um Kilometer zurücklegten."
0,"Obwohl sie Mühe hatte, mit ihm Schritt zu halten, folgte sie ihm in blindem Vertrauen."
0,"Mit seiner Kleidung, seinem dunklen Haar, das von einem schwarzen Stirnband zurückgehalten wurde, und der Tarnfarbe im Gesicht passte er perfekt hier in den Dschungel."
0,"Bevor er ihr Leibwächter geworden war, hatte er bei der Marine gedient."
0,Und er war ihr Freund gewesen.
0,"Dass er das jetzt nicht mehr war, schmerzte wie eine Wunde, die nicht heilen wollte."
0,"In der Nacht, in der Megan in seinen Armen gelegen hatte, hatte jemand einen Anschlag auf ihr Leben verübt."
0,"Fast jede Nacht erinnerte sie sich daran, wie Rick sie beschützt hatte, indem er die Kugel, die für sie bestimmt war, abgefangen hatte."
0,"Sie war mit einem Streifschuss davongekommen, doch Rick war es trotz seiner ernsteren Verwundung gelungen, die Angreifer zu entwaffnen."
0,"Als sie aus dem Krankenhaus entlassen wurde, war Richard verschwunden."
0,Und noch niemals hatte sie sich so einsam gefühlt.
0,Im Dschungel der Lust 3.
1,KAPITEL Plötzlich packte Rick Megan am Arm und riss sie herum.
0,„Ich habe dich zweimal gerufen.
0,Wo zum Teufel warst du mit deinen Gedanken?“
0,"Sie blinzelte und hoffte, dass er ihre Tränen nicht sah."
0,"„Shoppen auf der Fifth Avenue, wo sonst."
0,Es ist Ausverkauf.“
0,Ricks Miene verdüsterte sich.
0,"„Pass besser auf, O‘Toole."
0,"Deine Entführer könnten schneller bei uns sein, als du denkst.“"
0,"„Dann wirst du sie wohl vertreiben müssen, damit du dein Geld bekommst, oder?“"
0,Sie machte sich von ihm los.
0,"„Himmel, hast du ein freches Mundwerk!“"
0,"„Entschuldige, ich habe mein damenhaftes Benehmen leider vergessen, als ich mit Waffengewalt aus meinem Bett gerissen wurde.“"
0,"Nicht zum ersten Mal dachte Rick an das, was sie während der vergangenen Woche hatte erleiden müssen."
0,"Die Bilder, die vor seinem inneren Auge auftauchten, gefielen ihm gar nicht."
0,„Wir werden uns hier für eine Weile hinhauen.“
0,„Hinhauen?“
0,"„Schlafen, ausruhen, Wasser trinken.“"
0,Megan sah sich um und entdeckte nichts als Dickicht und Baumwurzeln.
0,"Dann schob Richard einige riesige Farnwedel beiseite und enthüllte einen Flecken, der aussah wie eine kleine Höhle aus Ästen und Wurzeln."
0,Megan kam es in diesem Moment vor wie das Ritz.
0,"„Dort ist es kühler, und wir sind gut genug versteckt, falls jemand vorbeikommen sollte.“"
0,"„Meinst du, sie kommen uns bis hierher nach?“, fragte sie entsetzt und sah sich ängstlich um."
0,„Mit Sicherheit.
0,Den Typen ist ihr Fünf-Millionen-Dollar-Paket abhandengekommen.
0,Sie wollen es wiederhaben.“
0,Es.
0,Megan fühlte sich auf einmal sehr leer und einsam.
0,"„Toll, wenn man so … gebraucht wird.“"
0,Der Schmerz auf ihrem Gesicht versetzte Rick einen Stich.
0,Seit wann war er so grausam?
0,„Megan …“ Sie schnitt ihm das Wort ab.
0,„Ich bin eine Ware.
0,Wie Schweinebauch oder Rohöl.“
0,„Das trifft nicht zu.
0,Nicht für deinen Vater.“
0,„Lass uns da bitte nicht weiter in Einzelheiten gehen.
0,Ich bin doch nur das Pfand.“
0,Sie strich sich mit den Fingern durchs zerzauste Haar.
0,"„Aber wenn die Kidnapper meinen Vater kennen würden, wüssten sie, dass er erst ruhen wird, wenn er die Oberhand über sie gewonnen hat.“"
0,Sie begegnete seinem Blick völlig ausdruckslos.
0,„Was du ja hoffentlich sichergestellt hast.“
0,Damit duckte sie sich und verschwand im Dickicht.
0,Rick schaute sich um und folgte ihr.
0,Sie saß auf dem Boden und zog die Stiefel aus.
0,„Ich habe es nicht so gemeint.“
0,„Natürlich hast du das.
0,Du wirst nicht für eine tote Geisel bezahlt.
0,Ich bin für alle nur ein Mittel zum Zweck.
0,"Für dich bin ich bares Geld, für die Entführer auch, und für meinen Vater geht es darum, dass absolut niemand ihm etwas wegzunehmen hat, was er als sein Eigentum betrachtet.“"
0,Megan vergötterte ihren Vater.
0,"Doch obwohl sie siebenundzwanzig war und die Geschäfte der Firma in Südamerika leitete, behandelte ihr Vater sie häufig noch, als wäre sie ein wild gewordener Teenager."
0,"Zumindest dann, wenn es um ihr Privatleben ging."
0,"Er glaubte stets zu wissen, was das Beste für sie war."
0,Das stimmte aber nicht.
0,Sonst hätte er Richard niemals gefeuert.
0,„Dein Vater liebt dich.
0,"Sonst hätte er mich nicht engagiert“, setzte Rick erneut an."
0,"„Warum hat er dich gefragt, Richard?“"
0,Seinen Namen aus ihrem Mund zu hören ließ Rick zusammenzucken.
0,"Megan war die Einzige, die ihn so nannte."
0,"Erinnerungen wurden wach - vor allem an das letzte Mal, als er sie berührt hatte."
0,"Und plötzlich musste er sich eingestehen, wie sehr er es sich auch jetzt wünschte."
0,„Weil ich gut bin.“
0,„Offensichtlich.“
0,Sie starrte ihn einen Moment lang nachdenklich an.
0,"„Du bist ein Söldner, sozusagen ein Gewehr, das man mieten kann, stimmt‘s?“"
0,Er ließ sich auf dem Boden nieder.
0,„Ich bin Vermittler und Rettungsexperte bei Entführungen.
0,"Aber wenn die Bezahlung gut genug ist, bin ich offen für vieles.“"
0,Das war wie ein Schlag ins Gesicht.
0,"Sosehr Megan sich auch etwas anderes wünschen mochte, für Richard war sie eine gute Gelegenheit."
0,"Sie sollte wirklich besser aufpassen, in wen sie sich verliebte."
0,"„Also, wie viel musste mein Vater für meine Rettung zahlen, Callahan?“, fragte sie leise und schaute auf ihre Handgelenke, wo sich auf den wund gescheuerten Stellen allmählich Schorf bildete."
0,„Eine Million?
0,Zwei?
0,Fünf?“
0,Rick schwieg.
0,Plötzlich sah er frisches Blut aus einer ihrer Wunden sickern.
0,Vermutlich hatte sich die Stelle durch die Strapazen wieder geöffnet.
0,"„Wir müssen das versorgen“, sagte er und deutete auf die Verletzung, bevor er im Rucksack nach Verbandszeug suchte."
0,„Das kann warten.
0,Ich bin müde.“
0,Megan legte sich auf die Seite und benutzte ihre Stiefel als Kopfkissen.
0,"Sein Preis muss hoch gewesen sein, dachte sie und wünschte tief in ihrem Inneren, er wäre aus freien Stücken gekommen."
0,Für einen Dollar.
0,"„Meg, sei vernünftig."
0,Das entzündet sich.“
0,"„Es kann warten“, sagte sie gähnend und war im nächsten Augenblick eingeschlafen."
0,"Rick fuhr sich durchs Haar, nahm das Stirnband ab und warf es wütend zur Seite."
0,Er hatte wirklich die Umgangsformen eines liebestollen Nashorns.
0,"Hatte er denn den Job nur angenommen, um Megan wehzutun?"
0,"Oder um ihr zu zeigen, dass er weder damals noch heute gut genug für sie war?"
0,"Er spielte einfach nicht in ihrer Liga, und dass er sich mit ihr eingelassen hatte, kam ihm immer noch unverzeihlich vor."
0,Das verstieß gegen die oberste Regel in seinem Beruf.
0,Er hatte mehr als seinen Job und ein wenig Blut verloren in jener Nacht.
0,"Es kam ihm so vor, als wäre ihm auch ein Stück seiner Seele abhandengekommen."
1,Rick schnappte sich den Rucksack und verließ den Unterschlupf.
0,"Falls jemand versuchen sollte, an ihnen vorbeizukommen, dann würde er ihnen ein paar üble Überraschungen vorbereiten."
0,"Er wäre gern weitergegangen, aber Megan brauchte eine Pause."
0,"Obwohl ihm keine Wahl blieb, als sie bis an ihre Grenzen zu treiben, fühlte er sich nicht gerade besser bei dem Gedanken."
0,"Sie war hungrig, sie blutete, und er wusste immer noch nicht, was die Entführer mit ihr angestellt hatten."
0,"Nachdem er Fallen aufgestellt hatte, platzierte er den Hauptsensor vor dem Eingang zu ihrer behelfsmäßigen Höhle."
0,"Das winzige Gerät blinkte rot und würde Alarm schlagen, sobald sich jemand näherte."
0,Vorsichtshalber schlug Rick noch eine Art Notausgang ins Dickicht.
0,"Es zahlte sich immer aus, vorbereitet zu sein."
1,"Schließlich setzte er sich neben Megan, trank ein wenig Wasser und beobachtete sie."
0,Unruhig wälzte sie sich im Schlaf herum und rollte sich verängstigt zu einem Ball zusammen.
0,Schließlich konnte Rick es nicht länger mit ansehen.
0,Er gab seine Zurückhaltung auf und zog sie in die Arme.
0,"Megan wimmerte und versuchte sich von ihm freizumachen, doch er flüsterte: „Es ist alles gut, Meg, du bist in Sicherheit.“"
0,"Sie entspannte sich und umklammerte sein Hemd, als wäre er ihr Rettungsanker."
0,"Zärtlich streichelte er ihren Rücken und verdrängte die Erinnerungen an den Abend, als sie willig in seinen Armen gelegen hatte."
0,"Stattdessen konzentrierte er sich auf die Überlegung, wie er sie hier aus dem Dschungel herausbekommen wollte."
0,"Er wusste genau, dass es hier innerhalb weniger Stunden vor Guerillas wimmeln würde, die Megan gegen Geld eintauschen wollten."
0,Doch er selbst war auch nicht viel besser.
0,"Ja, er rettete sie, aber er würde dafür viel Geld kassieren."
0,"Geld, das er brauchte, um dieses Leben endlich aufgeben zu können."
0,Und was kam dann?
0,Einsamkeit?
0,Sanft strich er Megan das Haar aus dem Gesicht.
0,"Auch wenn er sich einzureden versuchte, dass er das alles hier wegen des Geldes tat, wusste er im Grunde seines Herzens genau, dass er nicht tausend Meilen in den Dschungel gefahren war, nur weil er Bargeld brauchte."
0,Im Dschungel der Lust 4.
1,KAPITEL Einige Stunden später bewegte sich Megan und spürte die Wärme eines Mannes an ihrer Seite.
0,Im nächsten Moment erwachte ihr Verstand.
0,Sie zuckte zurück und setzte sich panikartig auf.
0,"„Es ist okay, ich bin es“, sagte Rick."
0,„Fass mich nicht an.“
0,Rick lehnte sich gegen den Rucksack und verschränkte die Arme vor der Brust.
0,"„Du warst diejenige, die sich an mich geklammert hat, Prinzessin.“"
0,Sie errötete.
0,"„Man kann nicht für das verantwortlich gemacht werden, was man im Schlaf tut."
0,Da ist das Unterbewusstsein am Werk.“
0,„Unbewusst wolltest du dich also wie ein Weinstock um mich ranken?“
0,"Ein herrlich sinnliches Geranke, aber Rick hatte auch ihr Wimmern gehört, das Flehen nach Wasser und Schlaf."
0,"Er bezweifelte nicht, dass ihre Entführer Megan tagelang wach gehalten hatten."
0,"Es war eine bekannte Taktik, um Opfer mürbe zu machen."
0,"„Nein, keineswegs."
0,"Hör endlich auf, in alles etwas hineinzulesen.“"
0,Sie begann ihre Stiefel anzuziehen.
0,„Du klingst wie ein sitzen gelassener Liebhaber.“
0,"„Bis zu dem Stadium sind wir ja leider nie gekommen, nicht wahr, Irish?“"
0,Irish.
0,Der alte Kosename versetzte ihr einen Stich.
0,Sie strich die wilden roten Locken zurück und bedachte Rick mit einem bösen Blick.
0,"„Fahr zur Hölle, Callahan.“"
0,„Da bin ich schon gewesen.
0,Willst du die Narben sehen?“
0,„Sollen wir unsere Narben vergleichen?
0,"Du bist derjenige, der sich davongemacht hat.“"
0,"„Ich wurde gefeuert, Meg.“"
0,Er stand auf und sammelte seine Sachen zusammen.
0,„Und das hat dich aufgehalten?“
0,„Dein Vater hatte ein paar schlagende Argumente.“
0,„Was hat er getan?“
0,"„Nichts, womit ich nicht klargekommen wäre.“"
0,„Natürlich.“
0,"Meg ahnte, was ihr Vater getan hatte."
0,"Geld bedeutete Macht, und ihr Vater besaß von beidem eine Menge."
0,"„Das wusste ich nicht, Rick.“"
0,Er schaute auf sie hinunter.
0,"„Du dachtest also, ich hätte mit der Tochter des Chefs gespielt und zugelassen, dass sie angeschossen wird, um dann sang- und klanglos zu verschwinden?“"
0,„War das etwa nicht so?“
0,Rick nahm seine Waffe heraus und warf einen Blick zwischen den Farnen und Ästen hindurch.
0,"„War es nicht so?“, wiederholte Megan, und als er nicht reagierte, riss sie ihn am Arm herum, damit er sie ansah."
0,„Natürlich habe ich an dich gedacht.
0,Du bist meinetwegen verwundet worden.“
0,„Deinetwegen war ich noch am Leben.
0,Du hast die Kugel abgefangen.“
0,"„Du wärest gar nicht verwundet worden, wenn ich meinen Job gemacht hätte, statt mich mit dir zu vergnügen.“"
0,Ein Lächeln erschien auf ihren Lippen.
0,„Den Job hast du allerdings ausgezeichnet gemacht.“
0,"Rick biss die Zähne zusammen, um den erotischen Gedanken zu entkommen, die sein Gehirn vernebelten."
0,Vergeblich.
0,„Vergiss es.
0,Es ist ohnehin unerheblich.
0,Ich habe eine Regel gebrochen und musste teuer dafür bezahlen.
0,Aber das ist alles vorbei.“
0,"Es ist noch nicht vorbei, sonst ginge es uns beiden nicht so, dachte Megan und sah zu ihm auf."
0,"„Wir haben beide dafür gebüßt, und du warst ja nicht der Einzige, der sich nicht an die Regeln gehalten hat.“"
0,Rick zuckte zusammen.
0,"Vermutlich hatte Megans Vater ihr auch die Hölle heiß gemacht, weil sie sich mit ihrem Leibwächter eingelassen hatte."
0,"„Mein Job hängt von meinem guten Ruf ab, und den habe ich verloren“, sagte er abschließend."
0,"Mit einer Geste bedeutete er ihr, zu bleiben, wo sie war, während er selbst aus ihrem Versteck trat."
0,"Und deshalb, dachte Megan, habe ich Rick verloren."
0,"Während Rick seine Sensoren und die Fallen wieder einsammelte, wurde ihm etwas klar."
0,Er hatte sich keine Sorgen um sich selbst gemacht.
0,"Die Kugel für Megan einzustecken war seine Pflicht gewesen, sein Job."
0,"Aber er hatte den denkbar besten Arbeitsplatz verloren, weil der Anschlag passierte, als sie im Bett lagen."
0,"Er war zu heiß auf Megan gewesen, um die Eindringlinge zu hören."
0,Und das war einfach nur eine Schande.
0,"Dass die Kugel Megan auch noch gestreift hatte, machte die Sache noch schlimmer."
0,"Ihr Vater war fuchsteufelswild gewesen, dass seine Tochter etwas mit einem Mann wie Rick angefangen hatte."
0,"Doch was danach mit Meg geschehen war, blieb ein Rätsel."
0,"Rick hatte ein kleines Vermögen ausgegeben, um sie aufzuspüren."
0,"Doch immer, wenn er glaubte, sie gefunden zu haben, war sie plötzlich wieder spurlos verschwunden."
0,Nach dem dritten Versuch hatte er aufgegeben.
0,Vermutlich wollte sie einfach nicht gefunden werden.
0,"Vielleicht habe ich mich aber auch getäuscht, überlegte er, als er zurückkam."
0,Megan marschierte unruhig in ihrem kleinen Versteck auf und ab.
0,„Lass uns gehen.“
0,„Wir müssen reden.“
0,„Nicht jetzt.“
0,Er drängte sie zum Ausgang.
0,Megan konnte Rick dicht hinter sich spüren.
1,"Als das Dickicht undurchdringlich wurde, reichte er ihr die Machete und befahl ihr, sich einen Weg zu bahnen."
0,"Sie wusste nicht, wohin sie gingen, aber auf die riesigen Blätter und Zweige einzuschlagen vermittelte ihr zumindest das Gefühl, etwas tun zu können."
0,Innerhalb von Minuten war sie schweißgebadet.
0,"Wut auf ihren Vater brodelte in ihr - und auf Rick, dass er sich dem irischen Dickschädel gebeugt hatte."
0,"Dabei war Rick sicherlich ein Mann, der sich nahm, was er wollte."
0,Hatte sie ihm damals also so wenig bedeutet?
0,"Rick schaute sich immer wieder besorgt um, während er Meg folgte, die ihnen einen Weg durch den dichten Dschungel bahnte."
0,"Als sie zum dritten Mal stolperte, war ihm klar, dass sie ihre körperlichen Grenzen erreicht hatte."
0,Gegen seinen Willen sorgte er sich um sie.
0,"Sie machte ihre Sache besser, als er je für möglich gehalten hatte."
0,Und er war stolz auf sie.
0,„Gib mir das.“
0,"Als Megan ihm die Machete reichte, entdeckte er die Blasen."
0,Entsetzt griff er nach ihrer Hand und untersuchte die Wunden.
0,"„Verdammt, warum hast du nichts gesagt?“"
0,"„Die Maniküre hatte ihren freien Tag“, meinte Megan nur bissig und stopfte die Hände in die Taschen."
0,„Ich hätte dir Handschuhe geben sollen.
0,"Verdammt, ich habe nicht mitgedacht.“"
0,„War das etwa eine Entschuldigung?“
0,"Er zuckte mit den Schultern, und seine Lippen verzogen sich zu einem kleinen Lächeln."
0,Gleichzeitig nahm er eine Flasche aus dem Rucksack.
0,"Er forderte Megan auf, die Hände auszustrecken, und goss Wasser auf die Blasen."
0,"Mit einem Schmerzenslaut versuchte sie, die Hände fortzuziehen, doch er hielt sie fest und pustete auf die Wunden."
0,"„Ich kümmere mich richtig darum, wenn wir weit genug weg sind.“"
0,"Mit großer Sorgfalt wickelte er ihr einen Verband um, wobei er sich mehr Zeit ließ, als sie eigentlich hatten."
0,"„Was haben sie dir angetan, Meg?“, fragte er plötzlich leise."
0,"Sein Tonfall verriet echte Sorge, und Megan blieb einen Moment lang das Herz stehen."
0,"Sie versuchte, einen Blick auf sein Gesicht zu erhaschen, doch er hielt den Kopf gesenkt."
0,„Wen interessiert das schon?“
0,„Mich.“
0,"Er klang fast so, als hätte er Angst vor dem, was sie sagen würde."
0,"„Sie haben mir die Augen verbunden, mich hungern lassen und mich während der ersten fünf oder sechs Tage nicht schlafen lassen.“"
0,Sie zuckte mit den Schultern.
0,„Irgendwann habe ich aufgehört zu zählen.“
0,„Haben sie sonst noch etwas getan?“
0,"Sie wusste, was er wissen wollte."
0,"Die Anspannung, die von ihm ausging, war unverkennbar."
0,Im Dschungel der Lust 5.
0,"KAPITEL Ricks Frage hing einen Moment lang in der Luft zwischen ihnen, bevor Megan darauf antwortete."
0,"„Nein, sie haben nichts weiter getan, als mich zu fesseln und mir den Schlaf zu rauben."
0,"Ich habe sie verflucht, und sie waren zu abergläubisch, um sich mir zu nähern.“"
0,"Noch einmal lächelte er, und sie glaubte, Bewunderung in seinen Augen aufblitzen zu sehen."
0,"„Aber die Drohung, mich zu vergewaltigen, war schlimm genug."
0,"Na ja, egal."
0,Es ist hoffentlich vorbei.“
0,"Sie machte einen Schritt und wollte weitergehen, doch Rick hielt sie am Ellbogen fest."
0,„Was ist?“
0,Rick musterte sie eingehend.
0,„Du hast dich verändert.“
0,"„Ich habe dir doch gesagt, ich …“ „Nicht dein Männergeschmack“, meinte er."
0,„Du selbst hast dich verändert.“
0,"Weil ich zu viel verloren habe und darüber hinwegkommen musste, dachte sie, ohne es auszusprechen."
0,"„Ich könnte dich ja fragen, ob das gut oder schlecht ist, aber eigentlich ist es mir egal.“"
0,"Sie hatte im Augenblick nicht die Kraft, sich mit Rick zu streiten."
0,"„Es gab Zeiten, da war es dir nicht egal.“"
0,„Mag sein.
0,Äußerlichkeiten waren mir wichtig.
0,"Das, was andere dachten."
0,"Ich habe lernen müssen, dass es nur einige wenige Menschen in meinem Leben gibt, die mir wirklich etwas bedeuten.“"
0,Und Rick war einer von ihnen gewesen.
0,Rick zog sie näher an sich.
0,„Wer ist auf der Liste?
0,"Ich nicht, das ist mir klar.“"
0,"Sie legte ihm die Hände auf die Brust, und Rick spürte das vertraute Feuer, das ihre Berührung in ihm auslöste."
0,"Es breitete sich in seinem gesamten Körper aus, und es kostete ihn große Überwindung, nicht darauf zu reagieren."
0,"„Es gab einmal eine Zeit, da warst du der Einzige, der wichtig war“, sagte sie leise."
0,„Abgesehen von Daddy und seinem Geld.“
0,"Kaum waren die Worte heraus, da wusste Rick bereits, dass er einen großen Fehler begangen hatte."
0,Megans Miene verriet es ihm.
0,„Glaubst du das wirklich?“
0,Sie machte sich von ihm frei.
0,"„Gibt es einen Grund, warum ich das nicht tun sollte?“"
0,"„Niemand hat mich dafür bezahlt, in dein Bett zu kommen, Callahan."
0,"Andererseits wurdest du dafür bezahlt, mich wie ein Schatten zu begleiten.“"
0,"„Schatten, ja - Liebhaber, nein!“"
0,„Warum sollte ich dir glauben?“
0,Sie drehte sich um und marschierte weiter durch den Dschungel.
0,"Rick starrte ihr hinterher und fragte sich, wieso sie ihn beschuldigte."
1,"Plötzlich drang etwas an sein Ohr, das nicht zu den typischen Geräuschen des Urwalds gehörte."
0,"Er rannte hinter Megan her, umschlang ihre Taille und warf sich mit ihr zu Boden."
0,„Wir müssen wirklich mal an deinem Benehmen …“ Hastig presste er ihr eine Hand auf den Mund und rollte sich mit ihr zusammen über den Boden in eine kleine Senke.
0,"Noch während er Megan an seine Seite zog, legte er sich auf den Bauch, riss die Waffe heraus und zielte in die Richtung, aus der sie gekommen waren."
0,"„Ich habe gar nicht gehört …“ Er funkelte sie böse an, und sie schwieg."
0,Rick lauschte angestrengt.
0,Plötzlich vernahm auch Meg das Geräusch und schnappte ängstlich nach Luft.
0,Schritte.
0,Knackende Äste.
0,„Bleib hier.
0,Nimm die.“
0,Rick drückte ihr die Waffe in die Hand und schloss ihre Finger darum.
0,"„Schieß auf alles, was nicht ich bin.“"
0,Megan schaute auf die Waffe und atmete tief durch.
0,Im nächsten Moment hob sie die Pistole dann wie ein Profi.
0,Rick hob eine Augenbraue.
0,"„Ich tu einfach so, als wäre es ein Föhn“, meinte sie, stützte sich auf den Ellbogen ab und richtete ihre Aufmerksamkeit auf das Grün des Dschungels vor ihnen."
0,"Rick sah sie immer noch seltsam an, als sie flüsterte: „Was willst du benutzen?“"
0,Er rollte sich auf den Rücken und zog ein langes Messer aus seinem Stiefel.
0,Megan schluckte.
0,"Das bedeutete, dass Rick nahe an seine Gegner herankommen musste, um ihnen Schaden zuzufügen."
0,Auf einmal bereitete ihr diese Vorstellung schreckliche Sorgen.
0,"Rick kroch aus der Senke und ging dann in die Hocke, während er betete, dass Megan nicht schießen musste."
0,"Denn dazu würde es erst kommen, wenn er selbst bereits tot wäre."
1,"Moskitos surrten um ihren Kopf, während Megan angespannt nach vorn spähte und sich fragte, ob sie tatsächlich in der Lage wäre, auf einen anderen Menschen zu schießen."
0,"Ein Knall zerriss die Stille, und sie zuckte zusammen."
0,"Unwillkürlich betete sie, dass Rick nicht getroffen war."
0,"In ihrem Kopf tauchten unerwünschte Bilder von ihm auf, wie er blutend dort irgendwo lag."
0,"Verwundet, weil er sie retten wollte."
0,Wieder einmal.
0,"Ihr Herzschlag setzte aus, als sie plötzlich ein Rascheln hörte."
0,"Das Geräusch kam näher, doch Megan vernahm nur noch das Rauschen ihres Blutes im Ohr."
0,Sie dachte an ihre Entführer: übel riechende Verbrecher mit gefährlichen Waffen - die sie nur zu gern benutzten.
0,"Sie erinnerte sich an die Schläge, an das Messer, das man ihr ans Auge gehalten hatte, bis sie das gesagt hatte, was sie für ihren Vater aufs Band sprechen sollte."
0,"Dann dachte sie daran, was sie Rick antun würden, und musste sich auf die Lippen beißen, um nicht laut aufzuschreien."
0,Ein Ast brach.
0,"Wenn es Rick wäre, würde er sich zu erkennen geben."
0,"Nein!, schrie ihr Herz."
0,Er musste tot sein.
0,Zitternd stand sie auf und hob die Waffe.
0,"Als eine Gestalt vor ihr auftauchte, betätigte Megan ohne nachzudenken den Abzug."
0,Nichts passierte.
0,Hastig sprang sie auf und ergriff die Flucht.
0,"Rick rannte hinter ihr her, packte sie und hob sie hoch, während er ihr die Waffe aus der Hand riss."
0,„Meg!“
0,"Sie kämpfte wie eine Wildkatze, kratzte, biss und trat um sich."
0,„Stopp!
0,"Hör auf, ich bin es!“"
0,"Sie hielt inne und wand sich in seinen Armen, bis er sie wieder auf die Füße stellte."
0,"„Ich bin es, Baby.“"
0,"Als sie ihn endlich schwer atmend ansah, entdeckte er in ihren Augen Tränen."
0,Dann schlug sie seine Hände fort.
0,"„Ich dachte, sie hätten dich umgebracht und wären jetzt hinter mir her."
0,"Mach das nicht noch einmal, verdammt!“"
0,Sie stieß ihn von sich.
0,„Ich hasse dich.
0,Ich hatte solche Angst!“
0,Bei jedem Wort gab sie ihm noch einen Schubs.
0,"„Ich dachte, sie hätten dich umgebracht!“"
0,Der letzte Satz glich einem langen schmerzhaften Wehklagen.
0,Er zog sie an sich.
0,"„Sei still, Meg.“"
0,Sie blinzelte.
0,"Tränen kullerten über ihre Wangen, und Rick hätte wetten können, dass Megan sie nicht einmal wahrnahm."
0,Sie so aufgelöst zu erleben ließ ihm die Knie weich werden.
0,Das passierte ihm nicht oft.
0,Nur bei Meg.
0,„Sei still?
0,Du Schuft!
0,"Ich bin außer mir vor Sorge und du …“ Lächelnd presste er seinen Mund auf ihren und raubte ihr die Worte, die Wut und den Atem."
0,"Er fand es wunderbar, dass sie Angst um ihn gehabt hatte."
0,"Es gefiel ihm auch, dass er nicht mehr klar denken konnte."
0,"Manchmal war es gut, sich in solch einem Zustand zu befinden, vor allem, wenn man mit Meg zusammen war."
0,"Sie besaß einen scharfen Verstand und war so viel mehr wert als er, aber er war es leid, sich zurückzuhalten."
0,"Himmel, dieser Kuss war wie eine Heimkehr, so als wäre er im Dschungel verloren gegangen und hätte endlich den Weg in die Freiheit gefunden."
0,"Mit der Zunge glitt er zwischen ihre Lippen und brachte Megan dazu, sie zu öffnen."
0,Und dann schmolz sie in seinen Armen dahin.
0,Im Dschungel der Lust 6.
0,KAPITEL Megan bekam weiche Knie.
0,"Hier, mitten im Dschungel, hob ein Kuss ihre Welt aus den Angeln und heilte gleichzeitig ihre verwundete Seele."
0,Beglückt seufzte sie auf und verschränkte die Arme hinter Ricks Nacken.
0,"Es war, als verliere sie den Boden unter den Füßen."
0,"Denn wenn Richard sie küsste, blieb ihr gar nichts anderes übrig, als sich der Leidenschaft hinzugeben."
0,"„Oh Richard, ich habe dich so vermisst“, schluchzte Megan an seinem Mund."
0,"Endlich ließ sie den überwältigenden Gefühlen, die sie durchströmten, freien Lauf."
0,"Es kam ihr vor, als ob sein Kuss die Ketten sprengte, die sie um ihr Herz gelegt hatte, und es zum Fliegen brachte."
0,"„Ich habe dich auch vermisst, Irish“, gab Rick zu, während er sie an sich presste, bis sie sich so eng an seinen muskulösen Körper schmiegte, als seien sie miteinander verschmolzen."
0,"„Mehr“, flüsterte sie, und wieder eroberte er ihren Mund in einem heißen, leidenschaftlichen Kuss, der sie beide ihre Umgebung vergessen ließ."
0,Erst der schrille Schrei eines Vogels riss Rick aus diesem sinnlichen Traum und brachte ihn jäh in die Wirklichkeit zurück.
0,Sie waren nicht allein hier.
0,"Er löste sich von Megan und genoss es, dass sie ihre Augen noch einen Moment lang geschlossen hielt."
0,Endlich sah sie ihn an.
0,„Was steckte hinter diesem Kuss?“
0,"Alles, dachte er."
0,"„Schien mir ein guter Weg, um deinen hysterischen Anfall zu unterbinden.“"
0,"Sie war klug genug, nicht zu protestieren."
0,„War das der einzige Grund?“
0,"In ihren Worten schwang solch eine Verletzlichkeit mit, wie Rick sie bei Megan noch nie erlebt hatte."
0,"Er wusste, dass seine Antwort alles entscheiden würde: Entweder konnte er sie jetzt für sich gewinnen, oder er würde wieder diese elende Einsamkeit spüren müssen."
0,Die Entscheidung war so leicht.
0,"Er legte seine Stirn gegen ihre und flüsterte: „Nein, Irish, ich musste dich küssen, musste dich endlich wieder in meinen Armen halten … Zwei Jahre sind eine lange Zeit.“"
0,"Langsam ließ sie den Blick über sein Gesicht gleiten, als wollte sie es sich genau einprägen."
0,„Das ist eine annehmbare Erklärung.“
0,Er verzog den Mund zu einem breiten Lächeln.
0,"„Gut, denn normalerweise küsse ich keine Leute, die auf mich schießen.“"
0,"Dem Himmel sei dank für die Sicherung, dachte er."
0,"„Was ich in der Hand hatte, war doch ein Föhn."
0,"Ich habe versucht, dich wegzupusten.“"
0,Er lachte.
0,„Komm.“
0,Er gab ihr einen Klaps auf den Po.
0,„Wir müssen weiter.“
0,"Sie nickte und geriet ein wenig aus dem Gleichgewicht, als sie ihn losließ."
0,"Liebevoll lächelte er sie an und küsste sie noch einmal schnell, bevor er sich bückte und das Messer wieder in den Stiefel steckte."
0,In diesem Augenblick sah Megan das Blut.
0,Abrupt hob sie den Blick.
0,"Ricks Miene war undurchdringlich, der Augenblick der Zärtlichkeit war vorüber."
0,"Der dunkle Tropfen an der Waffe machte ihr deutlich, wozu Rick fähig war."
0,"Zu ihrer Überraschung verspürte sie dennoch keine Angst, sondern lediglich ein Gefühl der Sicherheit."
0,"Langsam ließ sie den Blick über seinen Körper wandern, als suche sie nach Wunden."
0,„Mir geht es gut.“
0,"Sie nickte, wohl wissend, dass in ihrer Situation eine einfache Regel galt: entweder die Kidnapper oder sie."
0,„Sind wir jetzt sicher?“
0,„Vorerst.“
0,"Meg atmete tief durch, und dann marschierten sie weiter."
1,Die Hitze brannte auf sie nieder.
0,"Als Meg stolperte, drückte Rick ihr etwas zu essen in die Hand und drängte sie weiterzugehen."
0,"„Richard“, stöhnte sie müde."
0,"„Noch nicht, Meg."
0,"Ich weiß, dass du erschöpft bist."
0,"Nur noch ein kleines Stück, dann haben wir einen Rastplatz für die Nacht erreicht.“"
0,"„Ich hoffe, es gibt auch ein Bad.“"
0,"„Mal sehen, was sich machen lässt.“"
0,"Sie schwieg wieder und konzentrierte sich darauf, einen Fuß vor den anderen zu setzen."
1,"Es war Nachmittag, als die Luft endlich etwas frischer und kühler wurde."
0,"Megan blieb stehen, und Rick ging an ihr vorbei, um einen Weg durch das Dickicht zu bahnen."
0,Dann sah sie es.
0,„Oh!“
0,"Rick beobachte, wie ein Lächeln auf ihrem Gesicht erschien, und freute sich daran."
0,"Megan schaute hinauf zu dem herrlichen Wasserfall, der dreißig Meter tief in einen Fluss stürzte."
0,Das Wasser rauschte kraftvoll über die Felsen und sammelte sich dann in einem Becken mit spiegelglatter Oberfläche.
0,"Voller Vorfreude lief sie darauf zu, doch Rick hielt sie zurück."
0,"„Nein, nicht hier, das Wasser ist zu still.“"
0,"Anakondas, dachte sie und blieb stehen."
0,„Wir gehen dort hinauf.“
0,"Rick deutete auf ein Plateau, das sich etwas rechts vom Wasserfall befand."
0,„Bis dort oben brauchen wir noch ungefähr eine Stunde.“
0,Er deutete auf den dicht verschlungenen Urwald vor ihnen.
0,Megan nickte.
0,„Das ist es wert.
0,Geh du voran.“
0,Allein der Anblick des Wassers ließ ihre Haut kribbeln vor Erwartung.
1,"Ihre Lebensgeister kehrten zurück, und als sie über Baumwurzeln von der Größe eines Mittelklassewagens klettern mussten, schnappte Megan sich eine Liane und schwang sich daran hinunter."
0,"„Meg, nein!“"
0,"Sie ließ sich nicht beirren, und Rick fing sie auf."
0,„Das war nicht sonderlich klug.“
0,„Ich fühlte mich einfach grad ganz so wie Jane.
0,Du solltest mal ein bisschen lockerer werden.“
0,"Er ließ den Blick wachsam in die Runde schweifen und erwiderte: „Wenn wir hier raus sind, binde ich mir einen Lendenschurz um und trommle mir wie Tarzan auf die Brust.“"
0,„Mein eigener Wilder.
0,Ich kann es kaum erwarten.“
0,Sie lächelte ihn an.
0,„Aber was dann?“
0,„Hm?“
0,"Er starrte auf ihren Mund und spürte, dass allein dieser Anblick ihn erregte."
0,"„Wenn wir wieder in der Zivilisation angekommen sind, was passiert dann, Richard?“"
0,„Dann bist du in Sicherheit.“
0,„Und du wirst bezahlt.“
0,Sie nickte nachdenklich.
0,"„Ich hatte vergessen, dass dein Herkommen einen Preis hatte.“"
0,„Natürlich.“
0,Er schaute ihr in die grünen Augen.
0,"„Der Preis war das Aufreißen einer alten Wunde, Irish."
0,"Und ich konnte dich endlich wiedersehen, nachdem ich Himmel und Hölle in Bewegung gesetzt hatte, um dich zu finden, mir aber immer wieder Knüppel zwischen die Beine geworfen wurden.“"
0,Von ihrem Vater.
0,„Ich werde Daddy umbringen.“
0,"„Nein, wohl kaum."
0,"Wenn man meine Tochter mit ihrem Leibwächter im Bett erwischt hätte, noch dazu verwundet, dann hätte ich noch weit mehr getan, als ihm ein paar Schlägertypen hinterherzujagen.“"
0,"„Es tut mir leid, Richard."
0,"Kein Wunder, dass er dich bezahlen musste, damit du herkommst.“"
0,"Sie ging vor ihm her, wütend und gekränkt."
0,Ihr verflixter Vater!
0,"„Wenn ich an deiner Stelle wäre, hätte ich mindestens fünf Millionen gefordert.“"
0,Ihre Stimme klang schmerzerfüllt.
0,"„Das verdammte Geld ist mir egal!“, protestierte Rick."
0,"„Was soll ich noch sagen, Meg?"
0,"Dass ich noch angestrengter hätte versuchen sollen, zu dir zu kommen?"
0,"Okay, mein erster Fehler."
0,"Dass ich meinen Job besser hätte machen sollen, damit du nicht verletzt wirst?"
0,Fehler Nummer zwei.“
0,„Das ist schon mal ein guter Anfang.
0,Möchtest du dich auch noch an Fehler Nummer drei versuchen?“
0,„Und der wäre?“
0,"„Du könntest zum Beispiel glauben, dass ich nur auf einem Heldenverehrungstrip war, als ich in dein Bett gekommen bin."
0,Wie wäre es damit?“
0,„Warst du doch auch.“
0,Sie fuhr herum und schlug ihm ins Gesicht.
0,Er blinzelte und rieb sich die Wange.
0,„Fühlst du dich jetzt besser?“
0,„Nein.
0,"Am liebsten würde ich dir eine ordentliche Abreibung verpassen, weil du so ein Ekel bist, aber du bist leider in der falschen Gewichtsklasse.“"
0,"„Ich würde dir niemals wehtun, Meg.“"
0,„Und was tust du gerade?“
0,"Als seine Miene sich verhärtete, rief sie aus: „Warum verhältst du dich so?“"
0,„Weil ich nicht der richtige Mann für dich bin.“
0,Im Dschungel der Lust 7.
0,"KAPITEL „Nur ein Dummkopf würde glauben, dass du nicht der richtige Mann für mich bist“, fuhr Megan Rick an."
0,Der seufzte.
0,"„Das ist albern, Meg."
0,"Ich kann dir nicht das Leben bieten, das du gewohnt bist.“"
0,"„Fehler Nummer vier: Wer sagt, dass ich das will?“"
0,"„Verdammt, du weißt genau, was ich meine.“"
0,"Er schluckte und hatte auf einmal das Gefühl, dass für ihn jetzt alles auf dem Spiel stand."
0,"„Ich will mehr, und du kannst es mir nicht geben, ohne auf das Geld deines Vaters zu verzichten.“"
0,Megan sah ihn böse an.
0,"„Du hast ja eine reizende Meinung von mir, Callahan."
0,"Seit ich einundzwanzig bin, verdiene ich mein eigenes Geld."
0,"Ich habe einen gut bezahlten Job, und nur weil ich in der Firma meines Vaters arbeitete, heißt das nicht, dass ich das Geld nicht verdient habe."
0,Du kennst ihn.
0,"Würde er mir die Leitung übertragen, wenn er an meiner Qualifikation zweifeln würde?“"
0,"An seiner Miene konnte sie ablesen, dass er genau das dachte."
0,Das brachte den Zorn in ihr zum Kochen.
0,"„Na gut, Callahan“, fuhr sie fort."
0,"„Du gibst also zu, dass du nur mit mir zusammen sein wolltest, weil ich eine verbotene Frucht war.“"
0,"„Wer beleidigt jetzt wen?“, hielt er ihr vor, während er auf das Plateau kletterte."
0,Er warf seinen Rucksack und die Machete auf den Boden und marschierte auf und ab.
0,"„Wenn es mir nur darum gegangen wäre, dann hätte ich ja wohl nicht nach dir gesucht."
0,"Und wäre nicht hergekommen, oder?“"
0,"Megan zog Stiefel und Socken aus, bevor sie sich das Hemd über den Kopf zog."
0,„Du hast uns aufgegeben.“
0,„Und was ist mit dir?
0,"Ich brauche keinen Schlag versetzt zu bekommen, um zu wissen, was Schmerzen bedeuten, Meg.“"
0,Sie begegnete seinem Blick.
0,"„Wenn du mich vor zwei Wochen angerufen hättest, wäre ich sofort zu dir gekommen.“"
0,"Sie ließ ihre Hose auf die Steine fallen, und Rick biss die Zähne zusammen."
0,All diese nackte Haut trieb ihn noch in den Wahnsinn.
0,Er konnte die Augen nicht von Megan losreißen.
0,"Die Sonne tanzte über ihren runden Po, den der knappe String-Tanga nicht verhüllte."
0,"An einigen Stellen hatte sie einen Sonnenbrand und auf der Schulter einen blauen Fleck, aber alles andere war genauso perfekt, wie er es in Erinnerung hatte."
0,"„Wenn mich das verrückt machen soll, kann ich nur sagen, es funktioniert.“"
0,„Gut.
0,Hast du Seife da drin?“
0,Sie deutete auf den Rucksack.
0,Benommen kramte Rick ein Stück Seife heraus und drückte es ihr in die ausgestreckte Hand.
0,"„Hör auf, mich anzuschauen, als hättest du mich noch nie nackt gesehen, Callahan.“"
0,Callahan.
0,"Sie ist wirklich sauer, dachte er."
0,"„Habe ich ja auch nicht, jedenfalls nicht so.“"
0,Sie zog sich das Top aus und warf es beiseite.
0,"Der String folgte, und Rick hatte das Gefühl, dass ihm fast die Augen aus dem Kopf fielen."
0,„An mir hat‘s nicht gelegen.“
0,„Du bringst mich um den Verstand.“
0,„Willkommen im Klub.“
0,Mit diesen Worten tauchte sie den Fuß in den natürlichen Teich.
0,"Rick beobachtete, wie sie durch das klare Wasser watete."
0,Unter dem Wasserfall blieb sie stehen und ließ den harten Strahl auf sich prasseln.
0,"Im selben Moment wurde Rick schlagartig klar, warum er hierhergekommen war."
0,"Im Grunde hatte er es schon gewusst, als er die Stimme ihres Vaters am Satellitentelefon gehört hatte."
0,"Zu jenem Zeitpunkt hatte er in einem Dschungel tausend Meilen von hier entfernt gesteckt, hatte aber sofort alles stehen und liegen gelassen, um Megan zu finden."
0,"Er fragte sich nur, ob er den Mut besaß, es ihr zu erzählen."
0,Hastig zog er Hemd und Stiefel aus und schaute dann wieder zu ihr hinüber.
0,"Mit dem Rücken zu ihm wusch sie sich das Haar, und Rick sah zu, wie ihr das Seifenwasser über die herrlichen Kurven strömte."
0,"Als Megan über die Schulter schaute, begegnete sie seinem Blick."
0,Verflixt.
0,Ricks Erregung verstärkte sich.
0,"Nur ihr gelang es, solch ein Begehren in ihm zu wecken."
0,"Er hockte sich ans Ufer und wusch sich die Tarnfarbe vom Gesicht, bevor er den Kopf unter Wasser tauchte und sich anschließend wie ein Hund schüttelte."
0,"Doch all das half nichts gegen das Feuer, das in ihm loderte."
0,"Unwillkürlich blickte er wieder zu Megan, und als er ihren wunderbaren, in Schaum gehüllten Körper sah, verlor Rick die Selbstbeherrschung."
0,"„Und wenn ich dafür zur Hölle fahre“, murmelte er, zog sich ganz aus und stapfte ins Wasser."
0,"„Bleib sofort stehen“, befahl Megan, als sie ihn näher kommen sah."
0,"Statt zu gehorchen, watete er zielstrebig durch die klaren Fluten, die nichts von seinem durchtrainierten gebräunten Körper verbargen."
0,"Megan spürte, wie Erregung sie heiß durchströmte."
0,"Plötzlich schienen die Knie unter ihr nachgeben zu wollen, und noch immer kam Rick näher."
0,"Seine dunklen Augen musterten sie so intensiv, dass sie es beinahe wie ein Streicheln auf ihrer nackten Haut spürte."
0,Und schon machte sich ihr Körper für ihn bereit.
0,"Wenn sie klug wäre, würde sie einfach aufgeben und sich ihm an den Hals werfen."
0,Aber sie wollte mehr.
0,"„Willst du mich in deinem Leben oder nicht, Richard?“"
0,Er zögerte.
0,„Meg.“
0,„Ich verstehe.“
0,Sie wandte ihm den Rücken zu.
0,"Es war, als würde ihm eine Tür vor der Nase zugeschlagen."
0,"Rick streckte die Hand aus und zwang Megan, sich wieder umzudrehen."
0,"„Tu das nicht, Meg."
0,"Du weißt ja nicht, was du verlangst.“"
0,"„Ich weiß, dass ich mehr als diesen Tag will."
0,Das habe ich mir schon seit zwei Jahren gewünscht.“
0,Hoffnung keimte in ihm auf.
0,"„Sei vorsichtig“, warnte er sie."
0,"„Wenn du mit mir zusammen bist, Megan, dann ist es endgültig und für immer, verstehst du?“"
0,Ihr Herzschlag setzte einen Moment lang aus.
0,„Was soll das heißen?“
0,„Es gibt keine halben Sachen zwischen uns.“
0,"„Mit anderen Worten, alles oder nichts?“"
0,Er nickte.
0,"Megan trat näher, und Richard fragte sich, ob seine Welt dabei war einzustürzen, oder ob sein Leben endlich wieder einen Sinn bekäme."
0,Sie lächelte zaghaft.
0,"„Ich kann nicht mit einem Mann zusammen sein, der mich nicht liebt.“"
0,Seine Augen funkelten.
0,„Fehler Nummer fünf.
0,"Warum zum Teufel, glaubst du, bin ich hergekommen?“"
0,"Meg versuchte, ihr klopfendes Herz zu beruhigen."
0,„Wegen des Geldes und um ein bisschen Rache zu üben?“
0,"„Ja, das habe ich anfangs auch geglaubt."
0,"Zumindest war es eine verdammt gute Entschuldigung, um dich in meine Finger zu bekommen.“"
0,„Warum?“
0,Rick umschloss ihre Arme und zog Megan näher.
0,„Weil ich bei jedem Atemzug an dich gedacht habe.
0,"Weil ich mich keinen Tag länger fragen wollte, ob wir es nicht doch geschafft hätten.“"
0,Er vergrub seine Finger in ihrem Haar und öffnete ihr sein Herz.
0,"„Weil ich dich liebe, Megan."
0,Von ganzem Herzen.“
0,Tränen glitzerten in ihren Augen.
0,"Rick fürchtete, den Verstand zu verlieren, als er jetzt wartete."
0,„Irish?“
0,Er schluckte.
0,„Irgendwie ist Schweigen im Moment nicht gerade angesagt.“
0,Im Dschungel der Lust 8.
0,"KAPITEL Megan lächelte, und eine Träne kullerte ihr über die Wange."
0,„Ich koste nur den Augenblick aus.“
0,Er stöhnte auf und musterte ihr wunderhübsches Gesicht.
0,"„Ich liebe dich auch, Richard.“"
0,„Ja?“
0,"„Oh, mach nicht noch einen Fehler, indem du mir jetzt nicht glaubst.“"
0,Er lächelte und hatte im nächsten Moment seinen Mund auf ihren gepresst.
0,"Die Kraft seines Kusses brachte sie aus dem Gleichgewicht, sodass sie sich an seinen Schultern festklammerte."
0,"„Richard“, flüsterte sie, als er kurz von ihr abließ, um Atem zu schöpfen, bevor er wieder und wieder ihren Mund eroberte."
0,„Es ist so lange her.“
0,"Er hob sie aus dem Wasser, und sie schlang die Beine um seine Hüften und umarmte ihn."
0,"Als Rick sie erneut küsste, ließ er die Hände über ihren nassen Körper gleiten."
0,Mit einem Seufzer umschloss er ihre runden Brüste und umkreiste die Knospen mit den Daumen.
0,"„So weit sind wir bisher noch nie gekommen“, meinte er, und Megan spürte die Erwartung wie ein Prickeln auf der Haut."
0,„Unvorhergesehene Ereignisse haben das leider verhindert.“
0,"Sie küsste die Narbe auf seiner Schulter, während Rick seine Zunge über die Abschürfung auf ihrem Arm gleiten ließ."
0,"Plötzlich konnte er nicht genug von ihr bekommen, konnte ihr nicht nahe genug sein."
0,Er berührte sie und fühlte sich zum ersten Mal seit Langem wieder wie ein vollständiger Mensch.
0,"Mit seiner Hand formte er ihren Körper nach, und als Megan außer Atem vor Lust leise aufstöhnte, hob er sie höher und schloss seine Lippen um ihre Knospe."
0,Ihr Schrei ließ einen kleinen Schwarm Vögel am Rande des Urwalds erschrocken auffliegen.
0,"Ohne die Umarmung zu lösen, trug Rick sie zu den Felsen."
0,"Megan spürte seine Erregung und wollte ihn endlich in sich fühlen, wollte die letzten beiden Jahre auslöschen, die Einsamkeit, das Alleinsein."
0,"Und als er sie auf die Steine hob, wusste sie, dass auch er es dieses Mal ernst meinte."
0,Rick liebkoste ihre Brüste mit dem Mund.
0,Das köstliche Spiel seiner Zunge bereitete ihr unendliches sinnliches Vergnügen.
0,"Während er immer tiefer wanderte, stieß Megan unwillkürlich kleine lustvolle Laute aus."
0,"Er küsste ihren Bauchnabel und hob noch einmal den Kopf, um ihrem Blick zu begegnen, bevor er ihre Beine spreizte."
0,"Er wirkte wie eine Wildkatze, die sich an ihre Beute anschlich."
0,Und dann senkte er den Kopf.
0,Megan erzitterte in seinen Armen.
0,Das Feuer in ihrem Inneren breitete sich in Windeseile aus.
0,"Mit seinen Zärtlichkeiten trieb Rick sie immer weiter dem Gipfel entgegen, bis sie seine Schultern umklammerte und sich ihm entgegendrängte, damit er diese köstliche Folter beendete."
0,"Schließlich bäumte sie sich unter ihm auf und erzitterte, als sie einen gewaltigen Höhepunkt durchlebte."
0,Es war nicht genug.
0,Sie streckte die Hände nach Rick aus.
0,„Komm zu mir.“
0,Als Antwort küsste er sie.
0,"Ohne die Lippen von ihren zu lösen, trug er sie zum Ufer, wo er sie auf den moosbedeckten Boden legte."
0,"Das Wasser schlug sanft gegen ihre Körper, als Megan die Hand ausstreckte und Rick zu sich zog."
0,"Deutlich spürte sie seine Erregung zwischen ihren Beinen, doch noch bewegte er sich nicht, sondern schaute ihr nur tief in die Augen."
0,"Megan sah in Ricks Blick mehr, als sie erwartet hatte - sie sah all das, was sie sich gewünscht hatte."
0,"Als er sich leicht bewegte, begannen ihre Augen zu funkeln."
0,"„Du quälst mich“, sagte sie und hob ihre Hüften."
0,„Das hast du zwei Jahre lang mit mir gemacht.“
0,"Sie streichelte sein Kinn, und er schmiegte seine Wange in ihre Hand."
0,"„Ich liebe dich, Richard."
0,Du gehörst zu mir.
0,Komm.“
0,Mit einem einzigen Stoß drang er in sie ein.
0,"Ihr Aufkeuchen dämpfte er mit einem leidenschaftlichen Kuss, und gleichzeitig begann er, sich in ihr zu bewegen."
0,Wieder und wieder verschmolzen ihre Körper miteinander.
0,Hemmungslos gab Rick sich der Lust hin.
0,Megan machte ihn verrückt.
0,"Als er schon glaubte, im nächsten Moment den Verstand verlieren zu müssen, drehte sie ihn auf den Rücken und setzte sich rittlings auf seine Hüften."
0,"Sie lachte, warf ihre wilde Mähne zurück und hob und senkte sich auf ihm."
0,"Wassertropfen glitzerten wie Diamanten auf ihrer Haut, ein Anblick, den Rick unglaublich erregend fand."
0,"Schließlich spürte er, wie sie sich um ihn schloss und ihn aufforderte, diesmal mit ihr zu kommen."
0,"Noch einmal bäumte Rick sich auf, bevor er sich von der Lust mitreißen ließ."
0,"„Ich liebe dich, Irish.“"
0,"„Und ich liebe dich, Callahan.“"
0,Callahan.
0,Er blickte in ihre grünen Augen.
0,„Bekomme ich Ärger?“
0,„Nur wenn du aufhörst.“
0,"„In den nächsten sechzig Jahren nicht, in Ordnung?“"
0,"Eine Sekunde lang stockte ihr der Atem, und er rollte sie wieder auf den Rücken."
0,"Vergeblich versuchte sie, etwas zu sagen."
0,Er lachte leise.
0,„Du bist sprachlos.
0,Das gefällt mir.“
0,"Als sie ihn weiterhin nur anstarrte, meinte er: „Hast du geglaubt, ich würde dich noch einmal gehen lassen?“"
0,Er zog ihre Rechte an den Mund und presste einen Kuss in die Handfläche.
0,"„Heirate mich, Irish.“"
0,"Fassungslos musterte sie sein Gesicht, seine Augen."
0,Er zog sie noch enger an sich und wartete atemlos auf ihre Antwort.
0,"„Ein Wort, das ist alles, was ich hören will.“"
0,Sie blinzelte gegen die Tränen an.
0,"„Ja!“, rief sie schließlich, und Rick küsste sie erleichtert."
0,"Die Einsamkeit war vergessen, und mit jeder Berührung ihrer Lippen schlug ihre Liebe tiefere und festere Wurzeln."
1,Zweiundsiebzig Stunden später lehnte Rick sich gegen den Fensterrahmen und starrte hinaus auf den brasilianischen Horizont.
0,Aus dem Nebenbüro hörte er Stimmen.
0,"Er und Cameron O‘Toole hatten inzwischen ein klärendes Gespräch geführt, aber offensichtlich war Megan noch nicht fertig mit ihrem Vater."
0,"Rick drehte sich um, als Cameron O‘Toole kurz darauf hereinkam und aussah, als hätte ihn ein Blitz getroffen."
0,"„Na, fühlen Sie sich angeschlagen?“"
0,"„Himmel, das Mädchen hat ein Temperament wie ihre Mutter.“"
0,"Rick lachte, und Cameron stimmte ein."
0,"„Sie sind geliefert, Junge."
0,Aber wenn Sie sie lieben …“ Richards Miene wurde fast drohend.
0,"„Daran sollten Sie besser keine Sekunde lang zweifeln, Cameron.“"
0,"„Daddy!“, rief Megan, als sie ins Zimmer trat."
0,Dabei funkelte sie ihren Vater wütend an und ging dann zu Rick.
0,Sein Ring glitzerte an ihrem Finger.
0,"Obwohl sie ein schmal geschnittenes Kostüm trug, konnte Rick nur daran denken, wie sie am Morgen ausgesehen hatte, als sie nackt auf ihm gelegen hatte."
0,"„Das ist ein gefährliches Lächeln, Darling“, sagte sie leise und schmiegte sich in seine Arme."
0,"„Könnte es dich vielleicht dazu veranlassen, wieder mit mir in den Dschungel zu gehen, um Tarzan und Jane zu spielen?“, fragte er und gab ihr einen Kuss."
0,Ihr Vater räusperte sich.
0,Megan sah Rick an.
0,"„Übrigens, das Geld gehört dir, Richard.“"
0,"„Haben Sie mal einen Dollar, Cameron?“, bat Rick."
0,Der runzelte die Stirn und zog einen Schein aus der Tasche.
0,"Rick ging zu ihm hinüber, nahm das Geld und steckte es ein."
0,Dann sah er Megan an.
0,"„Ich würde sagen, wir sind quitt.“"
0,Strahlend erwiderte Megan sein Lächeln.
0,"„Ich zahle immer meine Schulden, Callahan“, erklärte Cameron."
0,„Megan hat sich schon darum gekümmert.“
0,Sie errötete.
0,„Du bist unmöglich.“
0,"„Das war doch nur etwas, was wir noch zum Abschluss bringen mussten.“"
0,"„Oh, aber wir sind noch nicht miteinander fertig“, erklärte sie und zog ihn ins Nebenzimmer, wo der Priester darauf wartete, sie zu trauen."
0,Rick lachte.
0,"„Oh, Irish, das hoffe ich auch.“"
0,- ENDE -
