1,Max Harris war kein Mann nur für eine Nacht.
0,Aber Sabrina Tyrell ließ ihn an seinen Grundsätzen zweifeln.
0,"Sie war ihm schon aufgefallen, als sie letzten Dienstag auf Amelia Island ankam."
0,"Es lag nicht daran, dass sie nicht in einer Gruppe reiste, so wie die meisten, die ihren Urlaub in der luxuriösen Ferienanlage auf der Insel verbrachten."
0,"Als sie von der Anlegestelle trat und ihre Füße den Sand berührten, hatte ihr ganzer Körper eine so freimütige Sinneslust ausgestrahlt, dass in Max ein starkes Verlangen erwacht war."
0,Sie waren die letzten fünf Tage nahezu unzertrennlich gewesen.
0,"Zum ersten Mal wollte Max, dass sein Urlaub nicht zu Ende ging."
0,"Insgeheim fragte er sich, ob Sabrina wohl dasselbe empfand, aber er behielt seine Gedanken für sich."
0,Montag früh wurde er bereits wieder in Chicago zurückerwartet.
1,Heute Nacht sah er diese Frau wahrscheinlich zum letzten Mal.
0,"Aber vor seiner Abreise wollte er mehr von Sabrina, als nur ihre verführerischen Lippen zu küssen."
0,"Er wollte sehen, ob die Leidenschaft, die sie beim Segeln an den Tag gelegt hatte, genauso groß war, wie die Leidenschaft, die er sich im Bett von ihr versprach."
0,"Sie glaubte, dass er ein Wirtschaftsprüfer aus Chicago war, was in gewisser Weise auch stimmte."
0,Aber als Finanzvorstand von Harris Resorts kümmerte er sich um mehr als nur um die Buchführung.
0,"Er reiste regelmäßig inkognito zu den Ferienanlagen, die seiner Familie oder anderen Reiseunternehmen gehörten, um die Qualität des Service zu überprüfen."
0,"Das tat er auch in dem Luxusrestaurant, in das er Sabrina eingeladen hatte, um gemeinsam mit ihr seinen letzten Abend zu verbringen - und hoffentlich auch den Rest der Nacht."
0,"„Danke für das Abendessen, Max.“"
0,Sabrina riss ihn aus seinen Gedanken.
0,"„Das ist das Mindeste, was ich tun kann."
0,Schließlich hast du mir all die kleinen technischen Raffinessen beim Segeln beigebracht!“
0,Noch nie zuvor hatte er eine Frau derartig anziehend gefunden.
0,"Sie trug ein eng anliegendes Sommerkleid, das ihre Bräune gut zur Geltung brachte."
0,Ihr Haar war im Nacken zusammengebunden.
0,"Er wollte es lösen, denn es gefiel ihm ausnehmend gut, wenn die braunen Locken offen auf ihre Schulter fielen."
0,"Sie hatte das gesunde Aussehen einer Frau, die gerne ihre Zeit an der frischen Luft verbrachte."
0,Ihre Brüste waren wohl gerundet und ihre Hüften sanft geschwungen.
0,"Ihre langen Beine wurden durch die hochhackigen Riemchensandaletten betont, die sie heute Abend trug."
0,„Die meisten Männer nehmen nicht gerne den Rat einer Frau an.“
0,"„Mein Vater hat immer gesagt: ‚Wer andere nicht um Hilfe bittet, dem ist auch nicht zu helfen‘.“"
0,lm Schein der Kerze wirkten Sabrinas Augen so tief wie das nächtliche Meer.
0,"Er brannte darauf, ihre Geheimnisse zu erfahren."
0,"Sabrina selbst war ein Geheimnis, das er enthüllen wollte."
0,"„Ich kann mir nicht vorstellen, dass dir nicht zu helfen ist.“"
0,"„Es ist schon öfter passiert, als ich es eingestehen möchte.“"
0,Max gab das nur sehr ungern zu.
0,"Eine sanfte Brise ließ die Flamme der Kerze auflodern, die zwischen ihnen auf dem Tisch stand."
0,"Es schien ihnen, als ob sie heute Nacht die einzigen Menschen auf der Insel wären."
0,"Das exklusive Restaurant bot kleine Séparées, die für eine intime Atmosphäre sorgten."
0,"Max war sehr froh, dass er sie heute Nacht hierher ausgeführt hatte."
0,Heute Nacht würde er sie verwöhnen und liebevoll umsorgen.
0,"Er wollte ihr etwas geben, das ihr zuvor noch nie jemand gegeben hatte."
0,Denn sie hatte das Gleiche für ihn getan.
0,„Wann fährst du morgen eigentlich ab?“
0,Sie sah ihn an.
0,„Ich muss um sechs zurück in Jacksonville sein.“
0,„In der Früh?“
0,Ihr Blick war undurchdringlich.
0,"„Nein, am Abend."
0,Und du?“
0,Er gab ihren Blick zurück.
0,„Ich bleibe noch drei Tage.
0,Willst du morgen mit dem Katamaran rausfahren?“
0,"Er nickte: „Klar, aber konzentrieren wir uns auf heute Nacht.“"
0,„In Ordnung.“
0,"Sie schob den Wildreis auf ihrem Teller hin und her, anstatt ihn zu essen."
0,„Hat dir der Mahi Mahi geschmeckt?“
0,Sie hatte diese hawaiianische Delikatesse noch nie zuvor versucht.
0,"„Ja, sehr gut."
0,Danke für die Empfehlung.“
0,Ihre Stimme klang mit einem Mal kühl und distanziert.
0,„Warum behandelst du mich plötzlich wie einen Fremden?“
0,Sie wurde stocksteif und legte ihre Gabel neben den Teller.
0,„Ich erkenne dich in dieser Umgebung einfach nicht wieder.“
0,"„Ich bin immer noch derselbe Mann, mit dem du die letzten fünf Tage verbracht hast.“"
0,„Ich weiß.
0,Aber du passt hierher.
0,Ich hingegen bin so einen Luxus nicht gewohnt.
0,"Ich habe das Gefühl, dass ich hier auffalle.“"
0,"„Du hast recht!“, sagte er ernst."
0,"Ihre Mundwinkel sackten nach unten, und sie blickte hinaus auf das sternenhelle Meer."
0,"„Ich hatte gehofft, du würdest es nicht bemerken“, sagte sie leise."
0,Er fasste sie unter das Kinn und drehte ihr Gesicht sanft zu sich.
0,„Natürlich fällst du auf.
0,Du bist wie eine exotische Blume.
0,"Wunderschön und strahlend, voller Leben und betörender Sinnlichkeit."
0,"Jeder Mann in diesem Raum wünscht sich an deine Seite, jede Frau hier möchte so sein wie du.“"
0,Sie blinzelte und wandte den Blick ab.
0,"Ihre Haut fühlte sich unter seiner Berührung zart an, aber das überraschte ihn nicht."
0,"Er hatte die albernsten Vorwände benutzt, um sie zu berühren."
0,Aber heute Nacht würde er nichts vorschieben und sie über seine Absichten nicht im Unklaren lassen.
0,Eine leichte Röte überzog ihre Wangen.
0,„Bitte sag so etwas nicht zu mir.“
0,„Warum nicht?
0,Es ist die Wahrheit.“
0,Sein Blick sprach Bände.
0,"„Nur du siehst mich so, Max!“"
0,„Dann betrachte dich mit meinen Augen!“
0,"Ursprünglich hatte er sich Sabrina an seinem ersten Urlaubstag genähert, weil er sich von ihr angezogen fühlte."
0,"Aber sie hatte klar gemacht, dass sie wie ein Kumpel und nicht wie eine Frau behandelt werden wollte."
0,"Letzte Nacht hatte er sie geküsst und ihr zu verstehen gegeben, dass sie für ihn mehr war."
0,"Er hätte Sabrina gerne mehr Zeit gelassen, sich an ihn zu gewöhnen, aber die Zeit lief ihm davon."
0,"Heute Nacht war die letzte Chance, das starke Verlangen zu erforschen, das zwischen ihnen herrschte."
0,"„Ich habe Angst, Max“, sagte sie schließlich."
0,„Wovor?“
0,"„Du weckst in mir den Wunsch, eine Frau zu sein, die ich nicht bin!“"
0,„Habe ich das von dir verlangt?“
0,"Ihm wurde bewusst, dass er zwar ihre Sinnlichkeit entfesseln, jedoch nicht ihr innerstes Wesen verändern wollte."
0,"„Nein, aber ich habe immer davon geträumt, eine Frau zu sein, die das Abenteuer sucht.“"
0,„Welche Art von Abenteuer meinst du?“
0,"Sabrina war die mutigste Frau, die ihm jemals begegnet war."
0,"Als sie ihm von ihren vielen Erlebnissen erzählte, hatte er einen Moment lang Angst um sie gehabt."
0,"Angst, dass diese schöne und lebensfrohe Frau hätte sterben können, noch bevor sie ihm begegnet war."
0,"„War es dir ernst, als du mich geküsst hast?“"
0,Sie blickte ihn forschend an.
0,„Das weißt du doch!“
0,„Woher soll ich das wissen?“
0,In ihrem Gesicht konnte er ganz deutlich ihre Zweifel lesen.
0,"Sie wollte ihn, aber er kannte sie gut genug, um zu wissen, dass sie sich nicht leicht hingab."
0,„Weil ich ein Mann bin!“
0,„Das klingt aber ganz schön chauvinistisch!“
0,"„Nur für jemanden, der keine Zeit mit mir verbracht hat!“"
0,Max hielt ihrem Blick stand.
0,"„Es ist komisch, wie gut ich dich schon kenne“, sagte sie schließlich."
0,"„Es ist Bestimmung, Sabrina.“"
0,"Dass es Lust war, war nicht das, was sie von ihm hören wollte."
0,"In gewisser Weise glaubte er an Schicksal, auch wenn er nicht an die Liebe glaubte."
0,"Er hatte nie an Gefühle geglaubt, die ihn angreifbar machten."
0,"„Als ich das letzte Mal dem Schicksal vertraut habe, erlebte ich eine ziemlich herbe Enttäuschung.“"
0,"„Ich verlange nicht von dir, dass du dem Schicksal vertraust.“"
0,„Sondern?“
0,"„Ich möchte, dass du auf deine Instinkte hörst.“"
0,Durchdringend sah er sie mit seinen grauen Augen an.
0,„Welche Instinkte?“
0,"„Instinkte, die dir sagen, dass du dich auf dein gewagtestes Abenteuer einlassen sollst.“"
0,"Sie fixierte ihn: „Wenn ich das tue, werde ich nicht zulassen, dass du die Kontrolle übernimmst.“"
0,"„Was willst du von mir, Sabrina?“, fragte er, als ihm bewusst wurde, dass sie möglicherweise die ganze Woche über nur auf den richtigen Zeitpunkt gewartet hatte."
0,Sie beugte sich über den Tisch.
0,"Im flackernden Kerzenlicht wirkten ihre Gesichtszüge besonders ausdrucksvoll: „Ich will dich, Max."
0,"Nur dich, für diese eine Nacht.“"
0,Nur für eine heiße Nacht?
0,2.
0,"KAPITEL Sabrina wusste nicht, was sie von Max erwartet hatte."
0,"Seit sie sich vor fünf Tagen begegnet waren, hatte Max geradezu darauf gebrannt, seine Zeit mit ihr zu verbringen."
0,"Aber dass er einen Abend lang ihr Liebhaber sein sollte, war womöglich etwas zu viel verlangt."
0,"Und jetzt hatte sie sich ein Herz gefasst und gewagt, ihm das vorzuschlagen, was sie seit ihrer ersten Begegnung insgeheim ersehnte."
0,Sie wollte die ganze Nacht mit ihm verbringen.
0,"Er zog eine Augenbraue nach oben: „Genau das hatte ich auch im Sinn, Darling.“"
0,"Max Harris gehörte zu den Männern, die eine Frau Darling nennen konnten, ohne lächerlich zu wirken."
0,"Groß gewachsen, braun gebrannt und durchtrainiert, schien er auf dem Meer und am Strand zu Hause zu sein."
0,"Erst heute Abend hatte sie bemerkt, dass er genauso gut in die Welt der Reichen und Schönen passte."
0,"Sie hingegen hatte achtzehn Monate lang sparen müssen, um sich diese Woche in dem exklusiven Ferienklub leisten zu können."
0,"„Gut“, sagte sie."
0,Belustigung zeichnete sich auf seinen markanten Gesichtszügen ab.
0,"Er streckte den Arm aus und fuhr mit dem Zeigefinger über ihre Wange, ließ ihn tiefer gleiten und verweilte für einen kurzen Augenblick an ihrem Halsansatz, wo er ihren Pulsschlag spürte."
0,"„Ich verspreche dir, es wird besser sein als nur gut.“"
0,"„Was ist, wenn ich die Führung übernehmen will?“"
0,Sie hatte einen Kloß im Hals.
0,Ihre Brustspitzen waren bei seiner ersten prickelnden Berührung zu harten Knospen geworden.
0,"Sie wünschte sich, dass er nicht aufhörte, sie zu berühren."
0,"Mit seinen Fingern weiter nach unten wanderte, am Träger ihres Sommerkleids vorbei, bis sie seine Hände auf ihrer Haut spürte."
0,"„Darling, was auch immer du willst.“"
0,Was hatte er gesagt?
0,"Sie war tief in einer Fantasie versunken, wo dieser Mann alles tat, was sie ihm befahl."
0,Gott sei Dank waren sie völlig alleine.
0,"Sie hatte das Gefühl, jeden Moment dahinzuschmelzen wie Eis in der Sonne."
0,"„Alles, was ich will?“"
0,Wieder strich er mit seinen Fingerkuppen an ihrem Hals entlang und ließ sie erschauern.
0,"Sie beugte sich ihm entgegen, damit er sie mühelos liebkosen konnte."
0,"Zwischen ihren Schenkeln spürte sie ein Kribbeln, das in ihren ganzen Körper ausströmte."
0,"Sie lehnte sich zurück, ein schwacher Versuch, damit er nicht völlig die Kontrolle über sie gewann."
0,Sie hatte ein Ziel vor Augen.
0,"Vom ersten Augenblick an hatte sie intuitiv gespürt, dass Max der Mann war, mit dem sie zum ersten Mal im Leben den Gipfel der Lust erklimmen konnte."
0,"Instinktiv fühlte sie, dass der Funke der Leidenschaft zwischen ihnen bei einer gemeinsamen Nacht überspringen konnte."
0,"„Ich glaube, wir haben dasselbe Ziel vor Augen, aber es könnte sein, dass wir bei der Umsetzung einige unterschiedliche Ideen haben“, gab sie zu bedenken."
0,"Seine Hand hörte auf, sie zu streicheln, und ihr war plötzlich kalt."
0,"Der Gedanke, dass sie möglicherweise nicht davor gefeit war, tiefere Gefühle für ihn zu empfinden, beunruhigte sie."
0,"Heute Abend war es nur allzu offensichtlich geworden, dass Max sich in einer Welt bewegte, in der sie sich niemals wohlfühlen würde."
0,"„Wie auch immer sich das Ganze gestalten wird, Sabrina, ich kann dir garantieren, dass ich dir höchste Lust verschaffen werde.“"
0,"Seine Stimme liebkoste sie ebenso, wie seine Finger es getan hatten."
0,Wie ein Hauch schien sie über ihre Haut zu streichen.
0,"Ihr Puls schlug ein wenig heftiger, und ein erregendes Prickeln überlief ihren Körper."
0,"Normalerweise war sie nicht so offensiv, wenn es um Männer ging."
0,"Aber sie hatte beschlossen, dass dieser Traumurlaub eine einmalige Gelegenheit war, die es zu nutzen galt."
0,Und sie wollte mehr als nur ein paar Nächte in einem Fünf-Sterne-Hotel.
0,"Sie wollte eine heiße Affäre mit einem Mann, wie er normalerweise nur in leidenschaftlichen Träumen vorkommt."
0,"Sie hatte nicht geglaubt, dass es diesen Traummann gab - bis sie Max Harris begegnete."
0,"Da sie in Fort Lauderdale einen Verleih für Angel- und Surfausüstung besaß, konnte sie sehr wohl bei Surfern, Anglern und anderen Naturbuschen ihre Frau stehen."
0,"Aber keiner dieser Männer hatte ihr jemals das Gefühl vermittelt, etwas Besonderes zu sein, so wie es Max mit einem einzigen Blick gelungen war."
0,"Der Ober räumte die Teller ab, und Max bestellte Dessert und Wein für sie beide."
0,Ihr kamen Zweifel.
0,Sie war nicht so kultiviert und gebildet wie Max.
0,Die geplante Verführung verlangte nach einer strategischen Änderung.
0,"Sie erkannte diesen Mann beinahe nicht wieder, der aussah wie aus einem hochkarätigen Modemagazin entsprungen und einen Anzug trug, der augenscheinlich mehr gekostet hatte als die Monatsmiete ihres Apartments."
0,"„Isst du gerne Himbeeren, Sabrina?“"
0,Seine Stimme holte sie aus ihren Gedanken zurück.
0,Sie nickte und brachte plötzlich kein Wort mehr über die Lippen.
0,Was hatte sie gedacht?
0,Sie spürte ein Kribbeln im Bauch.
0,„Das dachte ich mir.“
0,"Seine Stimme weckte in Sabrina den Wunsch, die Augen zu schließen, um sich ganz auf den samtenen Klang konzentrieren zu können."
0,"Er sprach alle ihre Sinne an, und sie wollte alle Empfindungen ganz genießen."
0,"Seine Stimme, die sie so erregte, seine Berührungen, die Hitze durch ihren Körper wallen ließen … Als sie die Augen öffnete, verschlang Max sie förmlich mit seinem Blick."
0,Sie räusperte sich.
0,„Hast du etwas gesagt?“
0,„Kein einziges Wort.
0,"Ich war ganz damit beschäftigt, dich in mich aufzunehmen.“"
0,„Sag so was nicht.“
0,Sie mochte ihn schon zu sehr.
0,Und das wollte sie nicht.
0,"Lust ja, aber wenn sie sich in ihn verliebte, würde sie am Ende nur verletzt werden."
0,"Denn sie wusste, dass sie und Max nicht mehr haben konnten als eine kurze Urlaubsaffäre."
0,„Warum nicht?“
0,Immer noch der durchdringende Blick aus seinen grauen Augen.
0,„Du lässt mich wieder an Märchen glauben.“
0,„Was für Märchen?“
0,„Glücklich bis ans Ende ihrer Tage.“
0,"Eine unangenehme Stille breitete sich am Tisch aus, und Sabrina griff nach ihrem Weinglas."
0,"„Ich dachte immer, alle Mädchen glauben an Märchen.“"
0,„Mädchen tun das auch.
0,Aber Frauen wissen es besser.“
0,„Wer hat dir das beigebracht?“
0,Max sah sie forschend an.
0,„Das geht dich nichts an.“
0,"„Wenn ich aber möchte, dass es mich was angeht?“"
0,Sie dachte darüber nach.
0,"Er hatte ja keine Ahnung, was für sie auf dem Spiel stand."
0,"Die Aussicht, endlich das wahre Liebesglück in den Armen eines Mannes zu erleben."
0,"Aber es kam nicht in Frage, dass sie Max jemals davon erzählen würde, wie dumm sie einst gewesen war, einen Mann zu lieben, der nur an seinem Geld interessiert war."
0,"Einen Mann, der in ihr nur einen billigen Zeitvertreib sah und der glaubte, dass sie echte Gefühle nicht wert war."
0,"„Dann gehe ich gerne morgen mit dir segeln, aber ich werde nicht die Nacht mit dir verbringen.“"
0,„Dieses Geheimnis bedeutet dir mehr als Leidenschaft?“
0,Ihr Rücken wurde ganz steif.
0,„Ja.“
0,Nur für eine heiße Nacht?
0,3.
0,"KAPITEL „Behalte deine Geheimnisse für dich, Sabrina“, sagte Max."
0,"Ihm genügte es, die Geheimnisse ihres Körpers zu erkunden."
0,In Chicago wartete sein normales Leben auf ihn.
0,"Und sein Vater, der ihn dazu drängte, eine Debütantin der feinen Gesellschaft zu heiraten und ihn als Vorsitzenden von Harris Resorts abzulösen."
0,"Er war hierhergekommen, um über seine Zukunft nachzudenken und sich zu entspannen."
0,Aber stattdessen war ihm Sabrina Tyrell über den Weg gelaufen.
0,Der Ober brachte das Dessert: Beeren mit Sahne und einen guten Tropfen Wein.
0,Max schenkte sich einen kleinen Schluck ein.
0,Er behielt Sabrina im Auge und kostete.
0,„Sehr gut.
0,"Vollmundig und mit bestechendem Volumen, geschmeidig und sehr vielversprechend.“"
0,"„Ich oder der Wein?“, fragte sie."
0,"Sabrina gefiel ihm am besten, wenn sie sich ihrer Stärke bewusst war."
0,"Heute Abend musste er sie aus dem Konzept gebracht haben, denn zum ersten Mal sah er einen Anflug von Verletzlichkeit in ihr."
0,„Sowohl als auch.“
0,"Während viele Männer der Ansicht waren, dass Sex nur ihrer eigenen Befriedigung diente, hatte er gelernt, dass sein Liebesvergnügen von der Lust seiner Partnerin abhing."
0,"Nur wenn sie in der Liebe Erfüllung fand, konnte auch er Befriedigung empfinden."
0,„Ich könnte dasselbe von dir sagen.“
0,"Er war drauf und dran, aufzuspringen und sie in seine Arme zu ziehen."
0,Ein Kuss genügte ihm nicht - er wollte all ihre verlockenden Rundungen an seinem Körper spüren.
0,"Verführung verlangt Geduld, rief er sich in Erinnerung."
0,"„Serge!“, rief Max nach dem Ober."
0,"„Ja, Sir?“"
0,"„Bitte schließen Sie die Tür zum Speisesaal, und stören Sie uns nicht.“"
0,"„Sehr wohl, Sir.“"
0,Noch nie hatte eine Frau ihn so sehr in Versuchung geführt.
0,"Während der letzten Tage war er immer wieder bis zum äußersten erregt gewesen, und heute Nacht schien sein Verlangen endlich gestillt zu werden."
0,"„Ich hätte nicht im Traum daran gedacht, dass du so bestimmend sein kannst."
0,"Was verbirgst du sonst noch, Max?“"
0,Der schelmische Glanz in ihren Augen ließ sein Begehren noch mehr wachsen.
0,„Nichts.
0,Ich bin ein für jedermann offenes Buch.“
0,Zumindest sollten das alle glauben.
0,„Warum sehe ich dann heute zum ersten Mal diese Seite an dir?“
0,„Ich habe dir nie etwas vorgemacht.
0,Vielleicht hast du nicht gut genug hingesehen?“
0,"Sie trank noch einen Schluck und benetzte dieses Mal mit der Zunge die Lippen, als sie das Glas absetzte."
0,Ihre volle Unterlippe schimmerte feucht und verlockend.
0,Er wollte sie noch einmal küssen.
0,Schon viel zu lange hatte er auf diesen Moment gewartet.
0,„Vielleicht.“
0,„Aber du hast doch hingesehen?“
0,"Er brauchte diese Sicherheit, vielleicht, weil er wusste, dass eine Nacht alles war, was sie hatten."
0,"„Braucht dein Ego wirklich Streicheleinheiten?“, fragte sie und fuhr mit dem Zeigefinger über den Gläserrand."
0,"Er sehnte sich danach, ihre Finger in der gleichen Bewegung auf seiner Haut zu spüren, und dass Sabrina mit ihren schmalen Fingern seine Erregung umschloss."
0,Max stöhnte auf.
0,"Das Blut war in seine Lenden geströmt, als sie Streicheleinheiten gesagt hatte."
0,"Zum Teufel mit Verführungskünsten und einem langsamen, sinnlichen Balztanz."
0,Er musste sie haben.
0,Jetzt sofort.
0,"„Nein, aber ich brauche welche.“"
0,„Gut.
0,"Ich nehme mal an, du hattest etwas Bestimmtes vor, als du Serge gebeten hast, uns nicht zu stören.“"
0,„In der Tat.“
0,„Und was?“
0,Max spürte ihr Zögern.
0,War das alles neu für sie?
0,"Mit welchen Männern war sie vorher zusammen gewesen, dass sie sich ihrer selbst jetzt so unsicher war?"
0,"„Komm zu mir, dann sage ich es dir.“"
0,„Warum?“
0,„Stell keine Fragen.
0,Komm einfach her.“
0,"„Ich bin es nicht gewohnt, dass man mir Befehle erteilt.“"
0,"„Was ich vorhabe, wird dir gefallen."
0,Ich verspreche es.“
0,Sie erhob sich und ging auf ihn zu.
0,Ihr verführerischer Gang strahlte einen ungeheuren Sex-Appeal aus.
0,"Wenn sie sich dessen bewusst gewesen wäre, hätte er sie für einen Männer verschlingenden Vamp erster Güte gehalten."
0,"Aber nachdem er so viel Zeit mit ihr verbracht hatte, war ihm klar, dass dies ihre natürliche Art war, sich zu bewegen."
0,Sie blieb vor seinem Stuhl stehen.
0,Er umfasste ihr Handgelenk.
0,Ein feingliedriges goldenes Armband mit einem Delfinanhänger schmückte die gebräunte Haut.
0,Er hob sie hoch und setzte sie auf seinen Schoß.
0,Endlich hielt er sie in den Armen.
0,"Ein leichter, blumiger Duft umgab sie, und als sie wohlig seufzte, roch ihr Atem ein wenig nach dem Wein."
0,"„Diese Nacht erscheint mir endlos“, sagte sie."
0,"„Bist du bereit, sie zu genießen?“"
0,Sie schlang die Arme um seinen Nacken und hielt ihm ihr Gesicht entgegen.
0,„Woran denkst du?“
0,"„Dass du voller Überraschungen steckst, Darling.“"
0,"Er erkundete ihren Mund, so wie er es ersehnte, seit er sie letzte Nacht in ihrem Zimmer zurückgelassen hatte."
0,"Ihre Zunge war schüchtern, aber sehr entschlossen."
0,"Max bog den Kopf zurück, um ihr einen besseren Zugang zu gewähren."
0,"Ihre Finger gruben sich in sein Haar, und die Nägel hinterließen leichte Kratzspuren auf seiner Kopfhaut."
0,"Er verlagerte sein Gewicht, und Sabrina rutschte auf seinem Schoß noch enger an ihn."
0,"Der enge Rock ihres Sommerkleids hatte ihm zuvor ausnehmend gut gefallen, denn er betonte die verführerischen Kurven ihrer Hüften."
0,Jetzt aber verfluchte Max das eng anliegende Material.
0,"Er wollte, nein, er musste ihre Haut spüren."
0,Er fuhr die Linie ihres Rückgrats entlang und zog einen der Träger bis zu ihrem Arm hinunter.
0,"Ihr entfuhr ein tiefes, kehliges Stöhnen."
0,Dieses Geräusch entflammte ihn noch mehr.
0,Er ließ seinen Mund an ihrem Hals entlanggleiten.
0,"Als er ihre warme Haut berührte und an ihrer Haut saugte, konnte er ihren heftigen Pulsschlag spüren."
0,Sabrina ließ die Hände über seine Brust nach unten wandern und schürte seine Leidenschaft noch mehr.
0,"Begierig, sie endlich nackt zu sehen, griff er nach dem Reißverschluss ihres Kleids, öffnete ihn und zog mit den Zähnen das seidene Gewebe von ihrer Haut fort."
0,"Sabrina war so reizvoll, wie er es sich vorgestellt hatte."
0,Beim Anblick ihrer vollen Brüste zitterten seine Hände.
0,Sanft erkundete er ihr weiches Fleisch.
0,Sie erschauerte lustvoll.
0,"Keinen Augenblick länger konnte er warten, sie zu kosten, zu erfahren, ob ihre Brüste ebenso lieblich schmeckten wie ihr Mund."
0,"Als er sanft seinen Atem über ihre Haut streichen ließ, zitterte sie vor Erregung, und ihre Brustspitzen richteten sich auf."
0,Aber sie war noch nicht bereit für seinen Mund.
0,Sie hielt still und beobachtete ihn.
0,„Hier fehlt noch etwas.“
0,Seine Stimme klang rau.
0,Er fasste hinüber zu der Schale mit Sahne und nahm ein wenig davon auf den Finger.
0,Zärtlich rieb er ihre Brustwarzen damit ein.
0,"Sabrina verschlug es den Atem, und ihre Finger krallten sich in seinen Oberarm."
0,"Er beugte sich nach vorne, und seine Zunge nahm alles auf: die süße Sahne und das noch viel süßere, das sich darunter verbarg."
0,"Bald schon genügte ihm das nicht mehr, und er saugte eine der harten Knospen in den Mund."
0,"Mit seiner linken Hand begann er, ihre andere Brust zu liebkosen."
0,"Sabrina atmete schnell und heftig, und Max hatte das Gefühl, zu explodieren, wenn er sie nicht ganz spüren konnte."
0,Aber nicht hier.
0,Nicht jetzt.
0,Er hob den Kopf.
0,"„Hör nicht auf“, flehte sie atemlos."
0,"„Ich will dich ganz nackt, Sabrina."
0,"Ich will dich in meinem Bett haben, damit ich mir Zeit lassen kann.“"
0,"„Bitte, Max."
0,Ich war noch nie so kurz davor.
0,"Hör jetzt nicht auf, bitte.“"
0,„Kurz wovor?“
0,Er sah sie fragend an.
0,Na großartig.
0,Jetzt musste sie mit der Sprache rausrücken.
0,Sie wurde unsicher.
0,"Halb nackt saß sie auf seinem Schoß, durchströmt von heißem Verlangen."
0,"Seine Hände liebkosten immer noch ihre Haut, aber sein Blick ruhte auf ihrem Gesicht und nicht auf ihrem Körper."
0,"Bei keinem anderen Mann hatte sie auch nur ein Zehntel der Lust gespürt, die sie bei Max empfand."
0,"„Du kannst es mir ruhig sagen, Darling.“"
0,"Seine Stimme war nur ein raues Flüstern, das sie einmal mehr erschauern ließ."
0,Sie hielt den Atem an und blickte hinaus auf den Ozean und nicht zu ihm hin.
0,"„Höhepunkt, Gipfel der Lust, wie auch immer …“ „Ich kann dir mehr als nur einen Höhepunkt versprechen.“"
0,Sein Lächeln war ausgesprochen sexy.
0,Sie musste schlucken.
0,"Auch wenn sie sich nach einem Abenteuer mit Max verzehrte, so war sie doch unsicher."
0,"„Sabrina, entspann dich."
0,"Ich möchte der Erste sein, der dir zeigt, zu welchen Empfindungen dein Körper fähig ist.“"
0,Er schob die Dessertteller und das Weinglas beiseite.
0,Mühelos brachte er sie auf seinem Schoß in eine andere Position.
0,"Ihr Rücken lehnte gegen den Tisch, und ihre Beine umschlossen seine Hüften."
0,"Mit seinen großen, schlanken Händen umspannte Max beinahe ihre Taille, und Sabrina kam sich in seinen Armen sehr zierlich und feminin vor."
0,Er zwängte eine Hand unter ihren hochgerutschten Rock.
0,„Dieser Rock raubt mir noch den letzten Nerv!“
0,„Warum das?“
0,„Weil ich kaum Platz für meine Hände finde.“
0,„Kann ich dir behilflich sein?“
0,"„Wenn du nicht willst, dass dein Kleid einen Riss bekommt, wäre das wohl besser.“"
0,Sabrina musste laut lachen.
0,Sein Frust war so offensichtlich.
0,"Sie stand auf, und dann wurde ihr klar, was sie da gerade tat."
0,Sie wollte nicht nur einen Quickie auf dem Tisch.
0,"Max bedeutete ihr mehr als pure Lust, und das durfte sie nicht vergessen."
0,„Schieb doch mal bitte deinen Stuhl zurück!“
0,"Er stand auf und positionierte seinen Stuhl so, dass er den Blick aufs Meer gewährte."
0,Das einzige Licht in der Nische mit dem Balkon verbreitete der flackernde Schein der Kerze.
0,„Hattest du das im Sinn?“
0,Max blickte sie an.
0,Sie nickte.
0,„Mach es dir aber nicht zu bequem.“
0,„Bequem ist wohl kaum das richtige Wort.“
0,„Gut.
0,Zieh dein Hemd aus!“
0,"„Wann hat sich denn der Einsatz geändert?“, fragte er, war jedoch schon dabei, sein Jackett abzulegen."
0,"Er hängte es sorgsam über die Stuhllehne, so als ob sie alle Zeit der Welt hätten."
0,"„Als mir klar wurde, dass ich nicht warte, bis du mir gibst, was ich will."
0,Ich werde es mir nehmen!“
0,Mit diesen Worten zog sie ihm die Krawatte über den Kopf und knöpfte sein Hemd auf.
0,Schließlich saß er mit nacktem Oberkörper vor ihr.
0,"„Ich mag Frauen, die rangehen.“"
0,"Ihr gefiel, was sie sah."
0,„Das überrascht mich nicht.“
0,„Du bist am Zug.“
0,Er lehnte sich im Stuhl zurück.
0,Ob sie aus ihrem Kleid schlüpfen sollte?
0,"Nur wer wagt, gewinnt, dachte sie und streifte es über ihre Hüften."
0,Gleich darauf landete es auf dem Boden.
0,Ihm entfuhr ein anerkennender Pfiff.
0,Sie warf den Kopf in den Nacken und ließ langsam eine Hand an ihrem Körper hinabgleiten.
0,Sie liebte das Gefühl ihrer nackten Haut.
0,Nie zuvor hatte sie sich wohler gefühlt als in diesem Augenblick.
0,Sie fasste an das Bündchen ihres Spitzenslips.
0,„Lass dein Höschen an!“
0,"Seine Worte klangen nicht mehr rau, sondern wie ein Stöhnen."
0,„Komm her!“
0,Es war ein Befehl.
0,"Sie ging zu ihm, und er packte sie an der Taille und zog sie zu sich."
0,„Leg deine Beine um meine Hüften!“
0,Er vergrub sein Gesicht zwischen ihren Brüsten.
0,"Die Empfindung, seinen Mund auf ihrer Haut zu spüren, war ihr noch gegenwärtig, und sie bereitete sich erneut darauf vor."
0,"Das Saugen seiner Lippen schürte die Leidenschaft, die in ihr brannte."
0,Durch den Stoff seiner Hose konnte sie seine Erregung zwischen ihren Schenkeln spüren.
0,"Sie liebkoste seinen Oberkörper und seinen Bauch und bewegte sich zielstrebig nach unten, um kurz an seinem Hosenbund innezuhalten."
0,"Seine Hände strichen ihr über den Rücken, umschlossen ihren Po und zogen sie hinunter auf seinen Schoß."
0,„Bist du immer noch bereit?“
0,"Er presste Sabrina noch enger an sich, damit sie seine Erregung spüren konnte."
0,„Oh ja!“
0,hauchte sie.
0,Er widmete sich wieder ihren Brüsten und knabberte leicht an den aufgerichteten Knospen.
0,Ihr liefen Schauer über den Rücken.
0,"Sie sehnte sich danach, ihn in sich zu spüren, eins mit ihm zu werden."
0,"Sie hielt sich an ihm fest, als fürchtete sie, dass er sie so zurücklassen könnte, voller Lust und schmerzlichem Verlangen."
0,"Drängend bewegte sie die Hüften, ohne jeglichen Rhythmus, so als suchte sie krampfartig nach etwas, das nur er ihr geben konnte."
0,Er übernahm die Kontrolle über ihre Bewegungen und presste sich voller Erregung gegen ihren Venushügel.
0,"Sie griff nach unten und versuchte, ihn zu befreien."
0,"Seine Hände glitten von ihren Hüften, und sein Mund gab ihre Brüste frei."
0,"Er hob ihr Kinn, sodass sie ihm in die Augen sehen musste."
0,"Was sie dort erkannte, verriet ihr, dass er nicht aufhören würde."
0,"„Das erste Mal ist nur für dich!“, versprach er."
0,Er griff um ihre Hüften und umfing mit den Händen ihren Po.
0,Seine Hitze und Härte war durch den Stoff der Hose zu spüren.
0,"Als sein Mund an ihrem Hals saugte, vibrierte sie vor Lust."
0,"Als er sich langsam und rhythmisch an ihr rieb, glaubte sie, zu vergehen."
0,Alles in ihr drängte dem erlösenden Höhepunkt entgegen.
0,"Plötzlich schlug die Leidenschaft wie eine Woge über ihr zusammen, und Wellen der Erfüllung durchfluteten ihren Körper."
0,"„Oh, Max.“"
0,Er nahm den Mund von ihrem Hals und umschloss ihre Lippen mit den seinen.
0,"Bevor sie sich gegen ihn fallen ließ, spürte er noch ihre letzten Zuckungen."
0,Er umschlang sie und streichelte zärtlich ihren Rücken.
0,Seine warme Haut an ihren Brüsten ließ ihr Verlangen erneut aufflackern.
0,"Auch wenn sie die ersehnte Befriedigung gefunden hatte, so wollte sie doch ganz mit Max erfüllt sein."
0,"Plötzlich wünschte sie sich, dass diese Nacht nicht ihre einzige bleiben sollte."
0,"In der letzten Woche waren sie Freunde geworden, und seit heute Nacht war er ihr Liebhaber."
0,"Plötzlich wurde ihr bewusst, dass sie mehr für ihn empfand als nur Freundschaft."
0,"Aber sie wusste nicht, ob er ihre Gefühle jemals erwidern würde."
0,"„War es das, was du erwartet hast?“"
0,Max musterte sie aufmerksam.
0,Mich zu verlieben?
0,"Nein, er meinte den Höhepunkt."
0,„Mehr als ich erwartet hatte.“
0,„Gut.
0,"Ziehen wir uns an, und verschwinden wir auf mein Zimmer."
0,Das war nur der Anfang.“
0,"Er hob sie von seinem Schoß, und sie fühlte sich verletzlich, als sie halb nackt vor ihm stand."
0,"Sie wusste nicht, ob sie dazu im Stande war, eine leidenschaftliche Liebesnacht mit ihm zu verbringen und dann am Morgen Adieu zu sagen."
0,Aber diese Erkenntnis kam nun zu spät.
0,"Ihr Körper pulsierte immer noch heftig, und ein Nein war undenkbar geworden."
0,"Er schlüpfte in sein Hemd und gewann wieder diesen Ausdruck von kultivierter Überlegenheit zurück, der sie zuvor so dermaßen aus der Fassung gebracht hatte."
0,„Max.“
0,„Ja.“
0,Sie zog ihr Kleid an und schloss den Reißverschluss.
0,"„Eines noch, bevor wir gehen.“"
0,"Er nahm sein Jackett, steckte die Krawatte in seine Tasche und wartete darauf, dass sie weitersprach."
0,„Wie wäre es mit einem kleinen Rollentausch?“
0,"„Ich habe nichts dagegen, oben zu sein.“"
0,Er grinste sie an.
0,"„Ich meine damit, dass ich bestimme, was geschieht.“"
0,Nur für eine heiße Nacht?
0,4.
0,KAPITEL Max hatte noch nie zuvor die Kontrolle jemand anderem überlassen.
0,Niemals.
0,"Nur wer die Kontrolle besaß, konnte auch andere führen."
0,Diese Lektion hatte er schon sehr früh gelernt.
0,Er hatte die Karriereleiter bei Harris Resorts beharrlich Stufe für Stufe erklommen.
0,"Denn, wie sein Vater immer zu sagen pflegte, man musste sich alles im Leben verdienen."
0,Er bot Sabrina seinen Arm an und geleitete sie durch den schwach beleuchteten Speisesaal.
0,"Er hatte sich schon daran gewöhnt, allein mit ihr zu sein, und sehnte sich danach, in der Abgeschiedenheit seines Zimmers zu beenden, womit sie in dem Séparée begonnen hatten."
0,"Aber er wollte auch mit ihr allein sein, um sie von seiner Einstellung zu überzeugen."
0,"Nachdem er die Initiative ergriffen hatte, fühlte Max sich besser."
1,"Aber Sabrina brachte ihn dazu stehen zu bleiben, als sie im Freien waren, und entzog ihm ihren Arm."
0,Sofort vermisste er ihre Nähe.
0,Verdammt.
0,"Sie zu verlassen würde nicht so leicht sein, wie er gehofft hatte."
0,„Max?“
0,Sanft berührte sie seinen Arm.
0,"Geschnitzte Tiki-Fackeln beleuchteten den Pfad vom Restaurant zu den Zimmern der Gäste, und der Wegrand war von blühenden Hibiskussträuchern gesäumt."
0,"Max war wohl bewusst, dass er Sabrina auswich, aber wenn er sie jetzt ansah, würde ihre erste Vereinigung zwischen tropischen Sträuchern stattfinden."
0,Er begehrte sie so sehr wie noch nie zuvor eine Frau in seinem Leben.
0,„Warum bleiben wir stehen?“
0,Seine Stimme klang rau in seinen Ohren.
0,Ihre Hand glitt von seinem Arm.
0,"„Weil ich nicht glaube, dass du mich verstanden hast.“"
0,"„Glaube mir Sabrina, ich habe dich sehr gut verstanden.“"
0,Ihr Lächeln wirkte angespannt.
0,"Er wusste, dass sie ihm gleich etwas sagen würde, das seinem schmerzhaft erregten Körper gar nicht behagen würde."
0,"„Dann übernehme ich die Führung, und wir gehen es langsamer an.“"
0,Sie sah ihn unverwandt an.
0,Tu es einfach!
0,wollte er schreien.
0,Aber Ehrlichkeit stand bei ihm an erster Stelle.
0,"Wenn er wirklich nur diese eine Nacht mit ihr hatte, dann sollte das Ganze so offen und ehrlich wie möglich geschehen."
0,"„Ich weiß nicht, ob ich das zulassen kann.“"
0,"„Willst du heute Nacht alleine schlafen, Max?“"
0,"„Du bist mir bisher nicht wie eine Frau vorgekommen, die gerne die eiskalte Schulter zeigt.“"
0,"„Und du bist mir immer wie ein Mann vorgekommen, der zu seinem Wort steht“, sagte sie vorsichtig."
0,"Er schloss zu ihr auf, achtete aber darauf, dass er sie nicht berührte."
0,Ihr Atem ging schnell und flach.
0,"Sie würde mich nicht gerne stehen lassen, dachte er."
0,„Ich habe dir nichts versprochen.“
0,„Das stimmt.“
0,Sie wandte sich von ihm ab.
0,"Plötzlich hatte er das Gefühl, in der Kälte zu stehen."
0,„Warum ist das so wichtig?“
0,Sabrina warf ihm einen Seitenblick zu.
0,„Deine Welt ist so anders als die meine.
0,Du hast mich verwundbar und voller Verlangen nach dir gesehen.
0,"Heute Abend hast du mir so viel Lust verschafft, dass ich geglaubt habe, ich muss sterben."
0,Und jetzt …“ „Willst du mich genauso sehen.“
0,„Ja.“
0,"„Ich wünsche mir nichts sehnlicher, als in dir zu sein, Sabrina."
0,"Ich würde alles sagen, damit du mit auf mein Zimmer kommst."
0,"Aber ich weiß nicht, ob ich es zulassen kann, dass du die Kontrolle übernimmst.“"
0,„Ist das so ein großes Problem für dich?“
0,"„Größer, als du verstehen würdest.“"
0,"„Sag mir, warum.“"
0,"„Verdammt noch mal, ich will unsere einzige Nacht nicht mit Reden vergeuden!“"
0,"Ihre Augen wurden feucht, und sie wandte den Blick ab."
0,„Ich weiß.
0,"Vielleicht ist es deshalb so wichtig für mich, es auf gleicher Augenhöhe zu halten.“"
0,Er massierte ihre Schultern.
0,"Ihre weiche Haut zu berühren, steigerte noch sein Verlangen."
0,Wollte er sie gehen lassen?
0,"War er bereit, sich ihr verletzlich zu zeigen?"
0,"„Ach, zum Teufel damit“, rief er und zog sie in seine Arme."
0,"Sie versteifte sich, bis er sich zu ihr hinunterbeugte und einen federleichten Kuss auf ihren Nacken hauchte."
0,Dann erst entspannte sie sich in seinen Armen.
0,„Warum machst du alles so kompliziert?
0,Wir haben nur diese eine Nacht.“
0,„Warum haben wir eigentlich nur diese eine Nacht?
0,"Ich weiß, wir leben weit voneinander entfernt, aber …“ Sie drehte sich zu ihm um, legte die schmalen Finger auf seine Brust.„Ich passe nicht in deine Welt, oder?“"
0,"„Ich fürchte, du hast recht.“"
0,Das war die Wahrheit.
0,"Sie passte nicht in seine Welt, sie hob sie komplett aus den Angeln."
0,"Denn Sabrina löste Gefühle und Empfindungen in ihm aus, die ihm große Angst machten."
0,„Dann musst du eine Entscheidung treffen.“
0,Fragend blickte sie Max in die Augen.
0,„Das habe ich bereits getan.“
0,"Es war wie eine Befreiung für ihn, als er merkte, dass Sabrina es nicht zulassen würde, dass er sie auf Abstand hielt."
0,Für diese eine Nacht wollte er sein kontrolliertes Leben vergessen und nur seinen Gefühlen folgen.
0,„Umso besser.“
0,"Aber das belustigte Funkeln in ihren Augen kann die Traurigkeit dahinter nicht verbergen, stellte er fest."
0,"So gern hätte er ihr Sicherheit gegeben, doch er konnte es nicht."
0,„Ich gehöre dir.“
0,Sie packte ihn am Revers seines Jacketts und stellte sich auf die Zehenspitzen.
0,"Dann küsste sie ihn so, wie sie noch keinen Mann geküsst hatte."
0,"Nichts anderes schien zu existieren außer der Lust, die bereits den ganzen Abend zwischen ihnen schwelte."
0,"„Ich habe gewisse Dinge vor, Max."
0,"Dinge, die ich nur mit dir umsetzen kann.“"
0,„Ich bin gespannt.“
0,„Danach wird dein Verlangen gestillt sein.“
0,"„Versprechungen, nichts als Versprechungen“, sagte er leichthin."
0,Aber in seinem Inneren spielte sich ein emotionales Erdbeben ab.
0,„Wir werden sehen.“
0,Sie nahm seine Hand.
0,„Komm mit.“
0,"Und er folgte ihr wie ein Mann, der völlig der Versuchung erlegen war."
0,Nur für eine heiße Nacht?
0,5.
1,"KAPITEL Sabrina wusste nahezu nichts über Verführung, aber Max inspirierte sie sehr."
0,"Ihr Körper pulsierte immer noch von dem Höhepunkt vorhin, aber tief in ihrem Innersten empfand sie eine große Leere."
0,"Doch sie ahnte, dass Max genau der Mann sein würde, der diese Leere in ihr füllen konnte."
0,"Sie führte ihn zu ihrem Zimmer, weil sie nicht sehr mutig war und fürchtete, dass sie es nicht fertig bringen würde, ihn am Ende der Nacht zu verlassen."
0,Vorher hatte sie schon alles geplant und eine romantische Atmosphäre in ihrem Zimmer geschaffen.
0,"Eine große Kerze, die nach Salbei duftete und sie an die freie Natur erinnerte."
0,"Große Daunenkissen, weil sie es gerne weich und bequem hatte."
0,"Und schließlich eine Schachtel mit Kondomen, die sie am Nachmittag in der Geschenkboutique des Hotels erstanden hatte."
0,„Mach die Augen zu.“
0,Er gehorchte.
0,Sie ging ins Zimmer und zündete die Duftkerze an und ein paar kleinere Teelichter.
0,"Dass sie nur eine Nacht zusammen hatten, bedeutete für sie, dass diese Nacht unvergesslich sein musste."
0,"Sie sah, wie er den Geruch einsog, und sie fragte sich insgeheim, ob Salbei ihn auch an die Zeit erinnerte, die sie gemeinsam im Freien verbracht hatten."
0,"Sie straffte sich, ergriff seine Hand und stieß ihn sanft aufs Bett."
0,"Dann durchquerte sie das Zimmer, um die Fenstertüren zu öffnen, die auf den Balkon mit Meerblick führten."
0,„Lass uns ein paar Regeln festlegen.“
0,Er lehnte sich im Bett zurück.
0,"In diesem Moment erschien es ihr wie ein ferner Traum, die Kontrolle zu übernehmen."
0,„Ich bin ganz Ohr.“
0,Max hielt die Augen immer noch geschlossen.
0,"„Ich sage dir, was du tun sollst, und du wirst es tun.“"
0,"„Ich glaube, ich verstehe, Darling.“"
0,"Sie hätte es nicht für möglich gehalten, dass jemand in einer liegenden Position dominant sein konnte, aber er war es tatsächlich."
0,"„Mach die Augen auf, und komm vom Bett runter.“"
0,"Er tat, wie sie ihm geheißen hatte, und ihr wurde schlagartig klar, dass es niemals funktionieren würde."
0,"Sie sehnte sich danach, dass er nackt vor ihr stand, aber ihm darüber hinaus Befehle zu erteilen, würde sie nicht fertig bringen."
0,„Max.“
0,Sie selbst hörte das Zittern in ihrer Stimme.
0,"Er kam auf sie zu und blieb so dicht vor ihr stehen, dass seine Brust die ihre berührte."
0,Seine Nähe löste einen Sinnesrausch in ihr aus.
0,„Ja?“
0,"„Mein ursprünglicher Plan, dass du mein … Liebesdiener sein sollst - ich kann das nicht!“"
0,"„Ich will mit dir schlafen, Sabrina!“"
0,Er legte ihr die Hände auf die Schultern.
0,"„Hm, könnte ich dir vielleicht befehlen, dass du mich liebst?“"
0,"Wie eine Frau, für die du auch Liebe empfindest?"
0,"hätte sie am liebsten noch gesagt, aber sie verkniff es sich."
0,„Das würde mich zum glücklichsten Mann auf der Welt machen.
0,"Ist es das, was du willst?“"
0,Sie nickte.
0,Er hob sie hoch und trug sie zum Bett.
0,"Als sie auf den Kissen lag, trat er einen Schritt zurück."
0,„Das wird keine langsame Verführung.
0,"Ich kann nicht mehr länger warten, Sabrina."
0,"Ich verspreche dir ein so intensives Lusterlebnis, dass du diese Nacht niemals vergessen wirst.“"
0,"Er entledigte sich seiner Kleidung, aber nicht mit dem raffinierten Geschick von vorhin, als er in dem Séparée sein Hemd auszog."
0,Seine Bewegungen waren schnell und ruckartig.
0,"Es was klar, was er wollte."
0,"Sein Hemd, sein Jackett, und seine Krawatte flogen zur Seite, mit den Händen machte er sich an seiner Hose zu schaffen."
0,"Sabrina griff hastig nach dem Reißverschluss ihres Kleids, während er seine Schuhe von sich schleuderte."
0,"„Warte, lass dein Kleid an.“"
0,"Er zerrte die Hose und Boxershorts an seinen Beinen hinunter und stand nackt vor ihr, in seiner ganzen männlichen Pracht."
0,Seine Brust war muskulös und gestählt.
0,"Mit den Augen folgte sie der Haarlinie, die nach unten hin immer schmäler wurde, bis sie dort angelangt war, wonach sie sich innerlich verzehrte."
0,Verlangen pulsierte zwischen ihren Schenkeln.
0,Sie wollte ihn auf der Stelle in sich spüren.
0,"Sie begehrte ihn unendlich und streckte ihm die Arme entgegen, als er sich auf das Bett kniete und sich über sie beugte."
0,Mit einem hungrigen Kuss eroberte er ihren Mund und ließ seine Zunge forschend kreisen.
0,"Sie stöhnte auf und versuchte, seinen Kuss zu erwidern, aber sie war machtlos."
0,"Seine großen Hände hielten ihren Kopf ganz still, während er sie küsste."
0,Der Rest seines Körpers berührte den ihren nicht.
0,"Nur vage spürte sie die Hitze, die von ihm ausging."
0,"Sie wand sich und wollte, dass ihre Körper einander berührten, doch es gelang ihr nur kurz."
0,"Er hob den Kopf, seine tiefgrauen Augen fixierten sie im flackernden Licht der Kerze."
0,„Was willst du?“
0,Er sah sie immer noch an.
0,„Alles.“
0,Er öffnete den Reißverschluss ihres Kleids.
0,"Sie wollte seinen Mund wieder auf ihren aufgerichteten Brustspitzen spüren, wie er heftig an ihnen saugte, aber stattdessen legte er sich auf sie und blieb reglos liegen."
0,"Ihr entfuhr ein tiefer Seufzer, und sie presste ihre Brüste gegen seinen warmen Körper."
0,„Willst du mehr?“
0,„Ja.“
0,"Doch obwohl sie sich vor Lust unter ihm wand, ließ er sie warten."
0,"Sie ergriff die Initiative, presste die Fingerspitzen in seine muskulösen Pobacken, und endlich spürte sie seine starke Erregung an der Pforte zu ihrer Lust, die nur durch ihr Seidenkleid und ihr Höschen versperrt war."
0,"Sabrina wollte ihn berühren, sein lebendiges Pulsieren in ihrer Hand spüren."
0,"Beherzt griff sie nach unten, um ihn zu umschließen."
0,"Ein tiefes Stöhnen drang aus seiner Kehle, und er setzte sich auf seine Fersen."
0,„Nimm die Knie auseinander.“
0,Er gehorchte.
0,"Sie streichelte ihn, spürte Härte, Hitze und samtige Weichheit zugleich."
0,"Als er nach Atem rang, wusste sie, dass sie ihn noch näher an den Rand der Ekstase gebracht hatte."
0,Voller Ungeduld zog er Kleid und Slip nach unten und warf beides auf den Boden.
0,Max griff nach der Packung mit den Kondomen auf dem Nachttisch und streifte sich rasch eines über.
0,„Jetzt!“
0,"Sie konnte nur nicken, ihre Stimme versagte völlig."
0,„Halte dich an mir fest.“
0,"Eng schlang sie ihre Arme und Beine um ihn, als er in sie glitt."
0,"Er war groß, und er füllte sie vollkommen aus."
0,"Kurz hielt er inne, um zu spüren, dass sich ihr Körper ihm anpasste."
0,Tief blickten sie sich nun in die Augen.
0,"Er sagte nichts und beobachtete sie, als er begann, sich in ihr zu bewegen."
0,"Seine Hüften drängten sich ihrem Becken entgegen, seine Brust rieb gegen die ihre."
0,Gemeinsam schwangen sie sich in ungeahnte Höhen auf.
0,"Sie spürte, wie sich die Spannung in ihr zu einem erneuten Höhepunkt aufbaute."
0,"Max hielt mit seinen Händen ihre Hüften umschlungen und hob sie höher, damit er sie vollkommen in Besitz nehmen konnte."
0,"Noch tiefer, noch härter, bis sie schließlich glaubte, vor Lust zu zerspringen."
0,Mit einem letzten Stoß schenkte er ihr die ersehnte Erfüllung und brachte sie zum Gipfel der Ekstase.
0,Max stieß einen lustvollen Schrei aus und ließ sich auf sie sinken.
0,"Sabrina genoss es, sein Gewicht auf ihrem Körper zu spüren."
1,Nach einem kurzen Augenblick rollte er sich auf die Seite und zog sie mit sich.
0,"Sie musste sich auf die Lippe beißen, um nicht jene Worte auszusprechen, die sie mehr als alles auf der Welt zu ihm sagen wollte, um ihn nicht zu fragen, ob er morgen wirklich gehen musste."
0,"„Ich will morgen nicht nach Chicago zurückfahren“, sagte er plötzlich."
0,"Nur wer wagt, gewinnt."
0,„Max?“
0,"„Ja, Darling?“"
0,Er hauchte einen zarten Kuss auf ihr Haar.
0,„Musst du wirklich abreisen?
0,Muss denn jetzt alles zu Ende sein?“
0,Nur für eine heiße Nacht?
0,6.
0,KAPITEL Max glitt aus dem Bett und zog auf dem Weg zum Balkon seine Hose an.
0,"Hinter ihm hörte er, wie das Bettlaken raschelte, als Sabrina sich bewegte."
0,"In seiner Vorstellung sah er ihre nackte Haut, das zerzauste Haar und den aufgewühlten Ausdruck in ihren Augen."
0,"Seit dem Tag, an dem sie sich begegnet waren, hatte er nur Halbwahrheiten über sich preisgegeben, und nun war es an der Zeit, eine Entscheidung zu treffen."
0,Er marschierte auf den Balkon und stützte sich dann auf die Brüstung.
0,Unter ihm erstreckte sich das Meer in seiner unendlichen Weite.
0,"Einen Augenblick war er versucht, allem dem Rücken zu kehren und mit Sabrina auf eine einsame Insel zu entfliehen."
0,"Er war sich nicht sicher, ob er Vertrauen in etwas haben konnte, das so schnell passiert war."
0,"Im Moment hatte er das Gefühl, dass er niemals genug von Sabrina bekommen würde."
0,"„Ich wollte nicht die restliche Nacht ruinieren“, sagte sie nach einer langen Pause."
0,Ihre Stimme verriet Anspannung.
0,"Diese Worte trafen ihn wie ein Messer, das man ihm in den Rücken gestoßen hatte."
0,"Deutlich wurde ihm klar, dass man einen One-Night-Stand nur mit einer Frau haben sollte, der man keine tieferen Gefühle entgegen brachte."
0,"Gefühle, die Sabrina in ihm geweckt hatte."
0,„Das tust du nicht.“
0,Er wandte sich um und streckte ihr einen Arm entgegen.
0,"Sie stand auf, eilte zu ihm und genoss seine schützende Wärme."
0,"Sie hatte nur sein Hemd an, das an einem Knopf geschlossen war."
0,Ihr Anblick war die reinste Verführung.
0,"„Ich hatte gedacht, es würde einfacher sein“, sagte sie nach ein paar Minuten."
0,Auch er hatte das geglaubt.
0,Dass ihm der Abschied von ihr so schwerfallen würde … „Ich bin vielleicht etwas zu sentimental.“
0,"„Nein, das bist du nicht.“"
0,Sie blickte zu ihm hoch.
0,„Du überraschst mich immer wieder.“
0,„Wie das?“
0,"„Du bist nicht wie die Männer, die ich kenne … Du machst es mir gerade sehr schwer, nicht daran zu glauben, dass Wunschträume in Erfüllung gehen.“"
0,Ihre Locken fielen über seinen Arm.
0,"Das Verlangen wuchs in ihm, sie wieder aufs Bett zu legen und sie zu lieben, bis sie die Welt um sich herum vergessen würden."
0,Er küsste sie auf die Stirn.
0,„Liebe?“
0,"Er kannte die Antwort, ohne dass sie auch nur ein Wort sagte, wusste es durch die Art, wie sie ihren Kopf auf sein Herz legte."
0,Sie zuckte mit den Schultern.
0,"Er konnte nur vermuten, dass sie innerlich genauso aufgewühlt war wie er."
0,"Vielleicht hatte auch sie Angst, das Risiko einzugehen und verletzt zu werden."
0,Er hatte noch nie jemanden geliebt.
0,"Natürlich waren da seine Eltern, aber sie waren sehr distanziert."
0,"Nur Sabrina war es gelungen, durch diese Mauer zu ihm vorzudringen, und er wusste nicht, was er jetzt tun sollte."
0,"„Wir wollten beide nur eine Nacht miteinander verbringen“, sagte er, um es sich selbst, aber auch Sabrina wieder in Erinnerung zu rufen."
0,Ihre braunen Augen suchten nach Antworten auf unausgesprochene Fragen.
0,„Ich habe es mir anders überlegt.“
0,Er trat einen Schritt zurück.
0,"„Ich bin nicht der, für den du mich hältst.“"
0,"„Doch, das bist du.“"
0,„Du täuschst dich.“
0,"„Erinnerst du dich, wie du zu mir gesagt hast, dass ich mich mit deinen Augen sehen soll?"
0,"Du musst das Gleiche tun, Max.“"
0,„Das kann ich nicht.
0,"Ich bin mir nicht sicher, ob du mein wahres Ich gesehen hast."
0,"Was ist, wenn ich dir nur das geben kann, was wir gerade hatten?“"
0,"„In dir steckt mehr, Max Harris.“"
0,„Ich bin mir da nicht so sicher.
0,"Ich bin 35, und zu alt, um mich großartig zu verändern!“"
0,„Auch nicht für ein Leben mit mir?“
0,„Wir kennen uns gerade mal eine Woche.“
0,"Sie nickte und verschränkte die Arme über der Brust, so als ob sie sich schützen wollte."
0,Verdammt.
0,"Das Letzte, was er wollte, war, ihr wehzutun."
0,„Ich verstehe.“
0,Das bezweifelte er.
0,"Sie war die Frau, die er mehr als alles andere auf der Welt wollte."
0,"Doch er wusste, dass ein Leben an seiner Seite sie enttäuschen würde."
0,"Ein Leben in Chicago, das von früh bis spät voller Arbeit und Konferenzen war."
0,"Ein Leben mit einem Mann, der niemals seine Gefühle zeigen konnte."
0,„Komm zurück ins Bett.“
0,Er konnte die Traurigkeit in Sabrinas Augen sehen.
0,„Das halte ich für keine gute Idee.“
0,„Du hast mir diese Nacht versprochen!“
0,Er folgte ihr ins Bett und liebte sie die ganze Nacht hindurch.
1,"Als bei Tagesanbruch die ersten Lichterstrahlen ins Zimmer krochen, glitt er erneut in ihren warmen, sinnlichen Körper, ohne sich Zeit zu nehmen, ein Kondom überzustreifen."
0,"Er brauchte diese letzte Erinnerung für all die Jahre, die noch vor ihm lagen."
0,"Als ihr Atem allmählich ruhiger wurde, stand er auf und zog sich rasch an, bevor er noch schwach wurde und blieb."
0,Sabrina sah ihm vom Bett aus zu und verfolgte mit ihren großen braunen Augen jede seiner Bewegungen.
0,"„Ich werde nicht ewig auf dich warten, Max."
0,"Aber wenn du das Wagnis eingehen willst, mich zu lieben und mit mir zu leben, lass es mich wissen.“"
0,Nur für eine heiße Nacht?
0,7.
1,KAPITEL In den sechs langen Wochen seit ihrer Abreise hatte sich Sabrina an ein anderes Leben gewöhnt.
0,"Obwohl sie Max immer noch liebte und vermisste, war sie an der Erfahrung mit ihm innerlich gewachsen."
0,"Und sie hatte den zusätzlichen Gewinn, dass auch in ihr neues Leben heranwuchs."
0,"Sie wünschte sich nur sehnlichst, dass er an das hätte glauben können, was sie so lange verschmäht hatte."
0,"Niemals hätte sie erwartet, in einem Luxusurlaub auf den Mann ihrer Träume zu treffen."
0,"Und am Wenigsten hätte sie erwartet, von ihm ein Kind zu bekommen."
0,"Der Frühling war angebrochen, und alles schien in Blüte zu stehen."
0,Aber dieses Jahr trugen der Duft von Orangenblüten und der Anblick sonnengebräunter Studenten nicht zu ihrer Aufmunterung bei.
1,"Jeden Abend, nachdem sie ihren Laden abgeschlossen hatte, ging sie bei Sonnenuntergang am Strand spazieren."
0,"Eine Zeit, um Zwiesprache zu halten - mit sich selbst und dem neuen Leben, das sie in sich trug."
0,Ein Mann kam auf sie zu und unterbrach ihre Gedanken.
0,"Als er sich näherte, fiel ihr auf, dass er wie Max aussah - er hatte eine so große Ähnlichkeit mit ihm, dass ihr beinahe das Herz stehen blieb."
0,Dann krampfte sich ihr Herz zusammen.
0,Er war es tatsächlich.
0,Warum war er jetzt zurückgekommen?
0,"Sie hatte versucht, ihn über das Hotel auf Amelia Island zu kontaktieren, aber man hatte dort seine Adresse nicht herausgegeben."
0,"Schließlich hatte sie sich damit abgefunden, dass sie ihn nie wiedersehen würde und ihr nur die Erinnerung an die glückliche Zeit mit ihm blieb."
0,"Und sein Kind, das sie unter dem Herzen trug."
0,„Sabrina.“
0,Er blieb vor ihr stehen.
0,"„Max, was tust du denn hier?“"
0,"„Ich …“ Unmöglich, dass er von ihrer Schwangerschaft wusste."
0,Sie war sich selbst erst seit diesem Nachmittag sicher.
0,Er sah müde aus und hatte Ringe unter den Augen.
0,"Er braucht mich, dachte sie."
0,"Wahrscheinlich würde er es niemals zugeben, aber ich war gut für ihn."
0,"„Wir sind nicht mehr im Urlaub“, sagte sie ruhig."
0,"Auch wenn sie freudige Aufregung bei dem Gedanken spürte, Mutter zu werden, so hatte sie doch ein wenig Angst, ob sie es allein schaffen würde."
0,„Wir können nicht noch einmal eine Nacht miteinander verbringen.“
0,Sie sah ihn an.
0,„Sabrina verdammt noch mal.
0,"Ich will nicht nur eine Nacht mit dir, ich will alle deine Nächte!“"
0,Vor Anspannung hielt sie den Atem an.
0,„Verdammt!
0,"Ich hätte nie geglaubt, dass es so schwierig sein würde.“"
0,"Sie wollte etwas sagen, aber er legte ihr den Finger auf die Lippen und schüttelte den Kopf."
0,Eine sonderbare Erregung durchflutete ihren Körper.
0,"„Ich habe zwei Tage gebraucht, um zu merken, dass es ein Fehler war, dich zu verlassen."
0,"Aber ich bin sehr stur, und ich wollte es nicht zugeben."
0,"Als ich es mir eingestand, warst du bereits abgereist."
0,"Ich habe noch mal Wochen gebraucht, um deine Adresse zu bekommen."
0,Ich will dich.“
0,"Langsam huschte ein Lächeln über ihre Lippen, als sie begriff, warum Max gekommen war."
0,„Nur zu.“
0,"Er zog sie in seine Arme, presste sie fest an sich und drückte ihr zarte Küsse aufs Haar."
0,„Dieser letzte Monat ohne dich war der Längste in meinem ganzen Leben.
0,Ohne dich gehe ich nicht nach Chicago zurück.“
0,Chicago machte ihr Angst.
0,Alles ging so schnell.
0,"Sie versuchte gerade, sich an den Gedanken zu gewöhnen, dass Max sie liebte und sie ein Kind von ihm bekam."
0,Aber an seiner Seite würde sie auch von der Küste ins Landesinnere ziehen.
0,"„Ich bin nicht mehr dieselbe, die ich auf Amelia Island war.“"
0,„Sondern?“
0,Er zog eine Augenbraue hoch.
0,Mit den Händen umfasste sie sein Kinn und blickte ihn an.
0,"„Ich will das Märchen mit dem Happy End, Max“."
0,"„Ich weiß nicht, ob ich das kann."
0,"Ich bin kein Mann, der über seine Gefühle spricht."
0,"Ich bin schon über meinen Schatten gesprungen, um hierherzukommen.“"
0,„Oh Max!“
0,Sie strich ihm über das Gesicht.
0,„Mir bedeutet das viel.
0,"Und ich laufe nicht länger vor dem davon, was ich im Leben will.“"
0,"„Was willst du, Darling?“"
0,„Ich will die Frau an deiner Seite sein.
0,"Ich will, dass wir einander ebenbürtig sind.“"
0,„Ich will genau das Gleiche.“
0,"„Ich liebe dich, Max.“"
0,Innig umarmte er sie und streichelte ihren Rücken.
0,"Er liebt mich wirklich, dachte sie, und ein Gefühl des Glücks durchströmte sie."
0,Atemlos wartete sie auf seine Liebeserklärung.
0,„Ich bin so froh.
0,"Ich wusste, dass es gut laufen würde.“"
0,"Kein „Ich liebe dich auch“, nur ein nüchternes „Es wird gut laufen.“"
0,"Der Schock wäre nicht größer gewesen, wenn er sie ins Gesicht geschlagen hätte."
0,„Es läuft überhaupt nicht gut!“
0,Verwirrt runzelte er die Stirn.
0,„Aber wir wollen beide dasselbe.“
0,„Nein!
0,"Ich möchte mit einem Mann zusammenleben, der mir sagen kann, was er für mich empfindet.“"
0,„Was macht denn das für einen Unterschied?
0,Ich bin für dich da und dir treu ergeben.
0,Machen Worte wirklich so einen großen Unterschied für dich?“
0,„Ja.“
0,"Sie schniefte, um nicht loszuweinen."
0,"Verflixt, sie musste schnell von hier weg, bevor sie ihn noch zurücknahm."
0,"Sie rannte los, doch kaum war sie ein paar Meter über den Strand gelaufen, da wurde ihr klar, dass es keinen Sinn machte, vor ihren Gefühlen zu fliehen."
0,"Sie blieb stehen, und als Max sie einholte, brach sie in Tränen aus."
0,"Auf Amelia Island hatte sie damit gerechnet, dass er abreisen und sie ihn verlieren würde."
0,Aber nun war es anders.
0,"Jetzt war er zurückgekommen und hatte für ein paar Augenblicke die Hoffnung in ihr geweckt, dass ihr Traum wirklich in Erfüllung gehen würde und sie eine Familie werden könnten."
0,"Sabrina wusste, dass sie ihrem Kind zuliebe bei Max bleiben sollte, aber sie wollte ihr Kind nur mit einem Mann aufziehen, der seiner Partnerin seine tiefsten Gefühle offenbaren und ihr das Herz öffnen konnte."
0,Er legte ihr die Hand auf die Schulter und drehte sie zu sich herum.
0,„Du kannst doch nicht einfach gehen!“
0,„Dann gib mir einen Grund zu bleiben!“
0,Sie wischte sich die heißen Tränen aus dem Gesicht.
0,Er kniete sich zu ihren Füßen in den Sand und nahm ihre Hand in die seine.
0,"Als er zu ihr hochblickte, setzte sein Herz einen Augenblick lang aus."
0,Max sah sie durchdringend an und schüttelte betrübt den Kopf.
0,„Verdammt noch mal.
0,"Sabrina, du hast meine Welt vollkommen auf den Kopf gestellt."
0,"Es tut mir leid, dass ich vorhin diese Worte nicht zu dir sagen konnte, aber du sollst wissen, dass ich sie empfinde.“"
0,"„Meinst du, du könntest es lernen, diese Worte zu sagen?"
0,Vielleicht mit ein wenig Übung?“
0,"„Für dich werde ich es versuchen, Sabrina!“, sagte er mit einem verführerischen Lächeln."
0,"„Ich liebe dich, Max.“"
0,Sie wusste um die Tiefe ihrer Gefühle.
0,"Diese Liebe war stärker als alles andere, was sie zuvor erfahren hatte, und sie wusste, dass Max dasselbe empfand."
0,Sie konnte es in seinen Augen sehen.
0,"Er stand auf, holte tief Luft und zog sie in seine Arme."
0,"„Versprich mir, dass du mich nicht verlässt!“"
0,Diese Worte ließen ihren Schutzwall einstürzen.
0,"„Du weißt, dass ich das niemals tun würde!“"
0,Er holte noch einmal tief Luft.
0,"Sie fühlte die Worte mehr, als dass sie sie hörte."
0,"„Ich liebe dich, Sabrina."
0,Ich kann mir ein Leben ohne dich nicht vorstellen!“
0,"Es war nur ein raues Flüstern an ihrem Ohr, aber er umarmte sie dabei mit einer heftigen Verzweiflung, die sie bei ihm nie für möglich gehalten hätte."
0,„Ich liebe dich auch.“
0,"Wieder liefen ihr Tränen über die Wangen, aber dieses Mal waren es Tränen des Glücks."
0,"Ihr wurde bewusst, dass sie ihm noch nichts von ihrem Baby erzählt hatte."
0,Wie er wohl reagieren würde?
0,"Bevor sie auch nur ein Wort sagen konnte, küsste er sie."
0,"Sie erkannte, dass sie einander ihr ganzes Leben lang gesucht hatten."
0,„Max?“
0,"„Was hältst du davon, wenn wir an einen etwas intimeren Ort gehen?“"
0,Er lächelte sie verführerisch an.
0,"Sie wusste, was er vorhatte."
0,„Ich habe nichts dagegen.“
0,„Ich werde dich das ganze Wochenende nicht aus dem Bett lassen.“
0,"„Ich werde darauf zurückkommen, aber zuerst muss ich dir noch etwas sagen.“"
0,„Gute Neuigkeiten?“
0,Sie runzelte die Stirn.
0,Ob er einen Verdacht hatte?
0,„Durchaus.“
0,„Ein Baby?“
0,„Woher weißt du das?“
0,"„Ich glaube, mein Körper wollte dich nicht gehen lassen, bevor mein Verstand das auch begriffen hatte“, sagte er mit einem Lachen."
0,"„Oh, Max.“"
0,Mit einem Jubelschrei hob er sie hoch.
0,Sabrina hielt sich ganz eng an ihm fest.
0,Sie hatte den Mann ihres Lebens gefunden und würde ihn niemals wieder loslassen.
0,- ENDE - .center { display: flex; justify-content: center; align-items: center; height: 200px; } Caleb Bradshaw - therealcalebbradshaw@gmail.com
